-- MySQL dump 10.13  Distrib 5.6.17, for Win32 (x86)
--
-- Host: localhost    Database: sampledb
-- ------------------------------------------------------
-- Server version	5.6.24

/*!40101 SET @OLD_CHARACTER_SET_CLIENT=@@CHARACTER_SET_CLIENT */;
/*!40101 SET @OLD_CHARACTER_SET_RESULTS=@@CHARACTER_SET_RESULTS */;
/*!40101 SET @OLD_COLLATION_CONNECTION=@@COLLATION_CONNECTION */;
/*!40101 SET NAMES utf8 */;
/*!40103 SET @OLD_TIME_ZONE=@@TIME_ZONE */;
/*!40103 SET TIME_ZONE='+00:00' */;
/*!40014 SET @OLD_UNIQUE_CHECKS=@@UNIQUE_CHECKS, UNIQUE_CHECKS=0 */;
/*!40014 SET @OLD_FOREIGN_KEY_CHECKS=@@FOREIGN_KEY_CHECKS, FOREIGN_KEY_CHECKS=0 */;
/*!40101 SET @OLD_SQL_MODE=@@SQL_MODE, SQL_MODE='NO_AUTO_VALUE_ON_ZERO' */;
/*!40111 SET @OLD_SQL_NOTES=@@SQL_NOTES, SQL_NOTES=0 */;

--
-- Table structure for table `accounts`
--

DROP TABLE IF EXISTS `accounts`;
/*!40101 SET @saved_cs_client     = @@character_set_client */;
/*!40101 SET character_set_client = utf8 */;
CREATE TABLE `accounts` (
  `id` bigint(20) NOT NULL AUTO_INCREMENT,
  `app_id` varchar(255) DEFAULT NULL COMMENT '应用ID',
  `open_id` varchar(255) DEFAULT NULL COMMENT '用户OpenID',
  `create_time` timestamp NOT NULL DEFAULT CURRENT_TIMESTAMP ON UPDATE CURRENT_TIMESTAMP COMMENT '创建时间',
  `amount` decimal(20,0) DEFAULT NULL COMMENT '账户金额',
  `cashout_amount` decimal(20,0) DEFAULT NULL COMMENT '提现金额',
  `freeze_amount` decimal(20,0) DEFAULT NULL COMMENT '冻结金额',
  `update_time` timestamp NOT NULL DEFAULT CURRENT_TIMESTAMP ON UPDATE CURRENT_TIMESTAMP COMMENT '更新时间',
  `password` varchar(255) DEFAULT NULL COMMENT '账户密码',
  `status` int(11) DEFAULT '0' COMMENT '账户状态 1.正常 0.异常',
  PRIMARY KEY (`id`),
  UNIQUE KEY `open_id` (`open_id`)
) ENGINE=InnoDB AUTO_INCREMENT=27 DEFAULT CHARSET=utf8;
/*!40101 SET character_set_client = @saved_cs_client */;

--
-- Dumping data for table `accounts`
--

LOCK TABLES `accounts` WRITE;
/*!40000 ALTER TABLE `accounts` DISABLE KEYS */;
INSERT INTO `accounts` VALUES (1,'shopapi','8a4a1879c2ce401f98fb7da0b703aa1d','2016-09-18 05:14:54',3,0,0,'2016-09-17 21:14:54','111111',1),(2,'shopapi','86d1232cef434ffa8e30c1d97cba6f11','2016-09-06 00:19:01',0,0,0,'0000-00-00 00:00:00','',1),(3,'shopapi','ebe6a2245e6e4ece888688f81beaa4df','2016-09-12 08:14:21',10000000,0,0,'2016-09-12 08:14:21','080976',1),(4,'shopapi','d2a37b2a259d486b825fef7df40b8660','2016-09-21 09:24:00',9980002,0,20000,'2016-09-21 09:24:00','123456',1),(5,'shopapi','2bd209e36084479cbbb7258f12fce02f','2016-09-19 07:50:08',9878700,0,105500,'2016-09-18 23:50:09','111111',1),(6,'shopapi','8c6ba245b64a4bd282d1ddb52156372b','2016-09-13 04:19:14',10000002,0,0,'2016-09-13 04:19:14','111111',1),(7,'shopapi','308afdc460d242bb9e328286e185a67c','2016-09-06 18:12:28',0,0,0,'0000-00-00 00:00:00','',1),(8,'shopapi','86bd9576a18d493ead9b5b6e945f4f04','2016-09-07 03:09:19',0,0,0,'2016-09-06 19:09:19','223456',1),(9,'shopapi','75e8f083ce674590bc8380ec0679e742','2016-09-07 03:58:26',0,0,0,'2016-09-06 19:58:26','576088',1),(10,'shopapi','b286deddde3d49a3abbca8de02059817','2016-09-06 21:28:47',0,0,0,'0000-00-00 00:00:00','',1),(11,'shopapi','05b52d0c5dbe4a7abbc73b374bae3630','2016-09-06 21:31:06',0,0,0,'0000-00-00 00:00:00','',1),(12,'shopapi','4f69bebe884248d2a72fb13a4fffc989','2016-09-07 22:35:50',0,0,0,'0000-00-00 00:00:00','',1),(13,'shopapi','aa711d464b6f4f50a2e9ab5639a4a7b2','2016-09-11 19:08:10',0,0,0,'0000-00-00 00:00:00','',1),(14,'shopapi','a4fa102b921341e2bfec50f53b69a129','2016-09-11 19:10:16',0,0,0,'0000-00-00 00:00:00','',1),(15,'shopapi','4fa0a626c6a640898ff56064df938f22','2016-09-11 20:02:10',0,0,0,'0000-00-00 00:00:00','',1),(16,'shopapi','4593d4d7ad4b48a7893bc2233d321165','2016-09-11 23:51:20',0,0,0,'0000-00-00 00:00:00','',1),(17,'shopapi','29df44dc59f14e6a89c4fbd66d9a4bea','2016-09-12 09:03:35',0,0,0,'2016-09-12 01:03:35','123456',1),(18,'shopapi','46ac15de93d74d828b87ef861300fd0f','2016-09-12 18:24:29',0,0,0,'0000-00-00 00:00:00','',1),(19,'shopapi','5feed1b70b7f49c6a4b9e02201f46c48','2016-09-12 23:24:03',0,0,0,'0000-00-00 00:00:00','',1),(20,'shopapi','2f56a1b693894a49af5a667daeb27c37','2016-09-13 10:13:22',0,0,0,'2016-09-13 02:13:23','111111',1),(21,'shopapi','9a451a5a94e147dd8d17c35adf5f95e4','2016-09-17 21:53:31',0,0,0,'0000-00-00 00:00:00','',1),(22,'shopapi','e6ec45b01a744fd4b0079cbf8c99014d','2016-09-22 00:54:28',0,0,0,'0000-00-00 00:00:00','',1),(23,'shopapi','8644c5f03c4d479a95fafa17221f55d3','2016-09-22 19:21:02',0,0,0,'0000-00-00 00:00:00','',1),(24,'shopapi','1957aaa9a46e4e14abd717bf0de4f865','2016-09-22 19:42:13',0,0,0,'0000-00-00 00:00:00','',1),(25,'shopapi','1c5020c7e4204196be7f9b8ce245f0fa','2016-09-22 21:31:09',0,0,0,'0000-00-00 00:00:00','',1),(26,'shopapi','5438aa46d2c04c0c8195c02e2de702e2','2016-09-23 00:37:17',0,0,0,'0000-00-00 00:00:00','',1);
/*!40000 ALTER TABLE `accounts` ENABLE KEYS */;
UNLOCK TABLES;

--
-- Table structure for table `accounts_freeze`
--

DROP TABLE IF EXISTS `accounts_freeze`;
/*!40101 SET @saved_cs_client     = @@character_set_client */;
/*!40101 SET character_set_client = utf8 */;
CREATE TABLE `accounts_freeze` (
  `id` bigint(20) NOT NULL AUTO_INCREMENT,
  `code` varchar(255) DEFAULT NULL COMMENT '唯一编号',
  `app_id` varchar(255) DEFAULT NULL COMMENT '应用ID',
  `create_time` timestamp NOT NULL DEFAULT CURRENT_TIMESTAMP ON UPDATE CURRENT_TIMESTAMP COMMENT '创建时间',
  `update_time` timestamp NOT NULL DEFAULT CURRENT_TIMESTAMP ON UPDATE CURRENT_TIMESTAMP COMMENT '更新时间',
  `open_id` varchar(255) DEFAULT NULL COMMENT '用户OpenID',
  `amount` decimal(20,0) DEFAULT NULL COMMENT '冻结金额',
  `status` int(11) DEFAULT NULL COMMENT '1.已冻结 0.解除冻结',
  `title` varchar(255) DEFAULT NULL COMMENT '标题',
  `remark` varchar(1000) DEFAULT NULL COMMENT '备注',
  PRIMARY KEY (`id`)
) ENGINE=InnoDB AUTO_INCREMENT=7 DEFAULT CHARSET=utf8;
/*!40101 SET character_set_client = @saved_cs_client */;

--
-- Dumping data for table `accounts_freeze`
--

LOCK TABLES `accounts_freeze` WRITE;
/*!40000 ALTER TABLE `accounts_freeze` DISABLE KEYS */;
INSERT INTO `accounts_freeze` VALUES (1,'6b7a2458c78a4efeab62263d15ae6cdb','shopapi','2016-09-18 17:53:14','2016-09-18 17:53:14','2bd209e36084479cbbb7258f12fce02f',55500,0,'',''),(2,'6036dcda5d14446caae32ea28151f362','shopapi','2016-09-18 19:06:26','2016-09-18 19:06:26','2bd209e36084479cbbb7258f12fce02f',10000,0,'',''),(3,'ecf4773816d04324bd8f95a6bafdbf53','shopapi','2016-09-18 19:06:49','2016-09-18 19:06:49','2bd209e36084479cbbb7258f12fce02f',10000,0,'',''),(4,'cc4ad96b5a634b6397b67bc33b4f31fc','shopapi','2016-09-18 19:06:49','2016-09-18 19:06:49','2bd209e36084479cbbb7258f12fce02f',10000,0,'',''),(5,'bfb2d5ed9b5f4d0eabe3eda6f5a71077','shopapi','2016-09-18 19:08:26','2016-09-18 19:08:26','2bd209e36084479cbbb7258f12fce02f',20000,0,'',''),(6,'22f023d369944d239a09ca84c59eb516','shopapi','2016-09-20 23:01:53','2016-09-20 23:01:53','d2a37b2a259d486b825fef7df40b8660',20000,0,'','');
/*!40000 ALTER TABLE `accounts_freeze` ENABLE KEYS */;
UNLOCK TABLES;

--
-- Table structure for table `accounts_record`
--

DROP TABLE IF EXISTS `accounts_record`;
/*!40101 SET @saved_cs_client     = @@character_set_client */;
/*!40101 SET character_set_client = utf8 */;
CREATE TABLE `accounts_record` (
  `id` bigint(20) NOT NULL AUTO_INCREMENT,
  `sub_trade_no` varchar(255) DEFAULT NULL COMMENT '子交易号',
  `code` varchar(255) DEFAULT NULL COMMENT '预付款代号',
  `app_id` varchar(255) DEFAULT NULL COMMENT '应用ID',
  `open_id` varchar(255) DEFAULT NULL COMMENT '用户openID',
  `account_id` bigint(20) DEFAULT NULL COMMENT '账户ID',
  `create_time` timestamp NOT NULL DEFAULT CURRENT_TIMESTAMP ON UPDATE CURRENT_TIMESTAMP COMMENT '创建时间',
  `amount_before` decimal(20,0) DEFAULT NULL COMMENT '金额变动前',
  `amount_after` decimal(20,0) DEFAULT NULL COMMENT '金额变动后',
  `changed_amount` decimal(20,0) DEFAULT NULL COMMENT '变动金额(单位:分)',
  `title` varchar(255) DEFAULT NULL COMMENT '标题',
  `remark` varchar(1000) DEFAULT NULL COMMENT '备注',
  PRIMARY KEY (`id`)
) ENGINE=InnoDB AUTO_INCREMENT=40 DEFAULT CHARSET=utf8;
/*!40101 SET character_set_client = @saved_cs_client */;

--
-- Dumping data for table `accounts_record`
--

LOCK TABLES `accounts_record` WRITE;
/*!40000 ALTER TABLE `accounts_record` DISABLE KEYS */;
INSERT INTO `accounts_record` VALUES (1,'201691210219427475347','8fb6f83f15464031ac85fa049e649661','shopapi','8a4a1879c2ce401f98fb7da0b703aa1d',1,'2016-09-12 02:21:09',0,1,1,'账户充值','账户充值'),(2,'201691210253317487695','bbf67c9cb7f44c33b4eb8e4d627d7e68','shopapi','8c6ba245b64a4bd282d1ddb52156372b',6,'2016-09-12 02:25:03',0,1,1,'账户充值','账户充值'),(3,'2016912161431588960181','890802214d004ad2ace035ec0f89a631','shopapi','8c6ba245b64a4bd282d1ddb52156372b',6,'2016-09-12 08:14:31',10000000,9966700,-33300,'系列套餐/私人定制','系列套餐/私人定制'),(4,'2016912164324973126155','f7f41bee99814e0985fd7bb583e38384','shopapi','8c6ba245b64a4bd282d1ddb52156372b',6,'2016-09-12 08:43:24',9966700,9933400,-33300,'系列套餐/私人定制','系列套餐/私人定制'),(5,'2016912164808602698','890802214d004ad2ace035ec0f89a631','shopapi','8c6ba245b64a4bd282d1ddb52156372b',6,'2016-09-12 08:48:00',9933400,9966700,33300,'系列套餐/私人定制','系列套餐/私人定制'),(6,'201691217114525297698','0f5d0fc528074c10aa477c11eb0bc477','shopapi','d2a37b2a259d486b825fef7df40b8660',4,'2016-09-12 09:01:14',10000000,9984200,-15800,'预定厨师','预定厨师'),(7,'2016912171805797505','f7f41bee99814e0985fd7bb583e38384','shopapi','8c6ba245b64a4bd282d1ddb52156372b',6,'2016-09-12 09:18:00',9966700,10000000,33300,'系列套餐/私人定制','系列套餐/私人定制'),(8,'20169121742016785619','0f5d0fc528074c10aa477c11eb0bc477','shopapi','d2a37b2a259d486b825fef7df40b8660',4,'2016-09-12 09:42:00',9984200,10000000,15800,'预定厨师','预定厨师'),(9,'2016912175025265891537','36b2dedef8b84400a7be5ddf25bceebb','shopapi','d2a37b2a259d486b825fef7df40b8660',4,'2016-09-12 09:50:25',10000000,10000001,1,'账户充值','账户充值'),(10,'201691218716598125693','a3c236c8bb5846b6b3f1b24be7ba3f3b','shopapi','8c6ba245b64a4bd282d1ddb52156372b',6,'2016-09-12 10:07:16',10000000,9966700,-33300,'系列套餐/私人定制','系列套餐/私人定制'),(11,'2016912181344417915070','3be174f277a24dd1ac75e5b5b1c1ebe4','shopapi','8c6ba245b64a4bd282d1ddb52156372b',6,'2016-09-12 10:13:44',9966700,9933400,-33300,'系列套餐/私人定制','系列套餐/私人定制'),(12,'2016912182314670712979','9fd9dc44e40c483db463ba3d9beae13b','shopapi','8c6ba245b64a4bd282d1ddb52156372b',6,'2016-09-12 10:23:14',9933400,9900100,-33300,'系列套餐/私人定制','系列套餐/私人定制'),(13,'2016912184204616606','a3c236c8bb5846b6b3f1b24be7ba3f3b','shopapi','8c6ba245b64a4bd282d1ddb52156372b',6,'2016-09-12 10:42:00',9900100,9933400,33300,'系列套餐/私人定制','系列套餐/私人定制'),(14,'2016912184807033427','3be174f277a24dd1ac75e5b5b1c1ebe4','shopapi','8c6ba245b64a4bd282d1ddb52156372b',6,'2016-09-12 10:48:00',9933400,9966700,33300,'系列套餐/私人定制','系列套餐/私人定制'),(15,'2016912185404940573','9fd9dc44e40c483db463ba3d9beae13b','shopapi','8c6ba245b64a4bd282d1ddb52156372b',6,'2016-09-12 10:54:00',9966700,10000000,33300,'系列套餐/私人定制','系列套餐/私人定制'),(16,'2016913121744581501853','d91ea22e7f0e456b9086fbe0cb4185f8','shopapi','8c6ba245b64a4bd282d1ddb52156372b',6,'2016-09-13 04:17:44',10000000,10000001,1,'账户充值','账户充值'),(17,'20169131219547626431','5e5b97a32c554d20b94dd47fee618339','shopapi','8a4a1879c2ce401f98fb7da0b703aa1d',1,'2016-09-13 04:19:05',1,2,1,'账户充值','账户充值'),(18,'2016913121914515144452','f2730de2a0714ea2be9fbb374b553531','shopapi','8c6ba245b64a4bd282d1ddb52156372b',6,'2016-09-13 04:19:14',10000001,10000002,1,'账户充值','账户充值'),(19,'2016913121951444424248','f6b50ee4b3f44812acba25aaa3e5bf8d','shopapi','8a4a1879c2ce401f98fb7da0b703aa1d',1,'2016-09-13 04:19:51',2,3,1,'账户充值','账户充值'),(20,'2016913175138753408404','ed3ac003f0f343b28c2f7e3b83c2729f','shopapi','d2a37b2a259d486b825fef7df40b8660',4,'2016-09-13 09:51:38',10000001,10000002,1,'账户充值','账户充值'),(21,'201691317551183343046','fbf96e9f56144e09abdfa6e3b4f81cd6','shopapi','d2a37b2a259d486b825fef7df40b8660',4,'2016-09-13 09:55:01',10000002,9333402,-666600,'系列套餐/私人定制','系列套餐/私人定制'),(22,'20169131830012450105','fbf96e9f56144e09abdfa6e3b4f81cd6','shopapi','d2a37b2a259d486b825fef7df40b8660',4,'2016-09-13 10:30:00',9333402,10000002,666600,'系列套餐/私人定制','系列套餐/私人定制'),(23,'201691995128433853290','ccb748a9c25446baa6cc626fdcece720','shopapi','2bd209e36084479cbbb7258f12fce02f',5,'2016-09-19 01:51:28',10000000,9993100,-6900,'购买商品','购买商品'),(24,'2016919102404070532','ccb748a9c25446baa6cc626fdcece720','shopapi','2bd209e36084479cbbb7258f12fce02f',5,'2016-09-19 02:24:00',9937600,9944500,6900,'购买商品','购买商品'),(25,'201691911256272166525','f8aac63c9322473d83720467dc408185','shopapi','2bd209e36084479cbbb7258f12fce02f',5,'2016-09-19 03:02:56',9944500,9928700,-15800,'预定厨师','预定厨师'),(26,'2016919111321372706815','e4fd3da8c7a3484f879e9d7efb46dd12','shopapi','2bd209e36084479cbbb7258f12fce02f',5,'2016-09-19 03:13:21',9878700,9862900,-15800,'预定厨师','预定厨师'),(27,'201691911141929679240','8887a27898374dd68eb7a3b8eb044f29','shopapi','2bd209e36084479cbbb7258f12fce02f',5,'2016-09-19 03:14:01',9862900,9847100,-15800,'预定厨师','预定厨师'),(28,'2016919114805284030','e4fd3da8c7a3484f879e9d7efb46dd12','shopapi','2bd209e36084479cbbb7258f12fce02f',5,'2016-09-19 03:48:00',9847100,9862900,15800,'预定厨师','预定厨师'),(29,'20169191148033852963','8887a27898374dd68eb7a3b8eb044f29','shopapi','2bd209e36084479cbbb7258f12fce02f',5,'2016-09-19 03:48:00',9862900,9878700,15800,'预定厨师','预定厨师'),(30,'20169219286580879570','f6a76fcb79694e6a9e8934ab9de24a4e','shopapi','d2a37b2a259d486b825fef7df40b8660',4,'2016-09-21 01:28:06',10000002,9993102,-6900,'购买商品','购买商品'),(31,'20169219325495005739','613bcde166d8450a83ca3e015632543d','shopapi','d2a37b2a259d486b825fef7df40b8660',4,'2016-09-21 01:32:05',9993102,9979302,-13800,'购买商品','购买商品'),(32,'201692110006739498','f6a76fcb79694e6a9e8934ab9de24a4e','shopapi','d2a37b2a259d486b825fef7df40b8660',4,'2016-09-21 02:00:00',9979302,9986202,6900,'购买商品','购买商品'),(33,'2016921106014238096','613bcde166d8450a83ca3e015632543d','shopapi','d2a37b2a259d486b825fef7df40b8660',4,'2016-09-21 02:06:00',9986202,10000002,13800,'购买商品','购买商品'),(34,'2016921162337740727597','a20c69b9230c42e49f47819edb822d8b','shopapi','d2a37b2a259d486b825fef7df40b8660',4,'2016-09-21 08:23:37',9980002,9964202,-15800,'预定厨师','预定厨师'),(35,'2016921162424668917713','5a76d8a2c5af4e30aa02fd5dfa809259','shopapi','d2a37b2a259d486b825fef7df40b8660',4,'2016-09-21 08:24:24',9964202,9948402,-15800,'预定厨师','预定厨师'),(36,'201692116514257178282','4cd297fddcb74957aed3b8c93a8299c8','shopapi','d2a37b2a259d486b825fef7df40b8660',4,'2016-09-21 08:51:42',9948402,9932602,-15800,'预定厨师','预定厨师'),(37,'2016921165403614504','a20c69b9230c42e49f47819edb822d8b','shopapi','d2a37b2a259d486b825fef7df40b8660',4,'2016-09-21 08:54:00',9932602,9948402,15800,'预定厨师','预定厨师'),(38,'201692117006490021','5a76d8a2c5af4e30aa02fd5dfa809259','shopapi','d2a37b2a259d486b825fef7df40b8660',4,'2016-09-21 09:00:00',9948402,9964202,15800,'预定厨师','预定厨师'),(39,'2016921172403788489','4cd297fddcb74957aed3b8c93a8299c8','shopapi','d2a37b2a259d486b825fef7df40b8660',4,'2016-09-21 09:24:00',9964202,9980002,15800,'预定厨师','预定厨师');
/*!40000 ALTER TABLE `accounts_record` ENABLE KEYS */;
UNLOCK TABLES;

--
-- Table structure for table `app`
--

DROP TABLE IF EXISTS `app`;
/*!40101 SET @saved_cs_client     = @@character_set_client */;
/*!40101 SET character_set_client = utf8 */;
CREATE TABLE `app` (
  `id` bigint(20) NOT NULL AUTO_INCREMENT,
  `open_id` varchar(255) DEFAULT NULL COMMENT '用户的OPENID',
  `app_id` varchar(255) DEFAULT NULL COMMENT '应用ID',
  `app_key` varchar(255) DEFAULT NULL COMMENT '应用KEY',
  `app_name` varchar(255) DEFAULT NULL COMMENT '应用名称',
  `app_desc` varchar(1000) DEFAULT NULL COMMENT '应用描述',
  `status` int(11) DEFAULT NULL COMMENT '应用状态 0.待审核 1.已审核',
  `create_time` timestamp NOT NULL DEFAULT CURRENT_TIMESTAMP ON UPDATE CURRENT_TIMESTAMP COMMENT '创建时间',
  `update_time` timestamp NOT NULL DEFAULT '0000-00-00 00:00:00' COMMENT '更新时间',
  PRIMARY KEY (`id`),
  UNIQUE KEY `app_id` (`app_id`)
) ENGINE=InnoDB AUTO_INCREMENT=2 DEFAULT CHARSET=utf8;
/*!40101 SET character_set_client = @saved_cs_client */;

--
-- Dumping data for table `app`
--

LOCK TABLES `app` WRITE;
/*!40000 ALTER TABLE `app` DISABLE KEYS */;
INSERT INTO `app` VALUES (1,'232323','shopapi','4537C07A563C4899B5A592DA3CC84A10','呼我来','呼我来',1,'2016-09-06 09:30:24','0000-00-00 00:00:00');
/*!40000 ALTER TABLE `app` ENABLE KEYS */;
UNLOCK TABLES;

--
-- Table structure for table `cash_out`
--

DROP TABLE IF EXISTS `cash_out`;
/*!40101 SET @saved_cs_client     = @@character_set_client */;
/*!40101 SET character_set_client = utf8 */;
CREATE TABLE `cash_out` (
  `id` bigint(20) NOT NULL AUTO_INCREMENT,
  `cashoutcode` varchar(255) DEFAULT NULL COMMENT '提现代号',
  `app_id` varchar(255) DEFAULT NULL COMMENT '应用ID',
  `open_id` varchar(255) DEFAULT NULL COMMENT '用户ID',
  `create_time` timestamp NOT NULL DEFAULT CURRENT_TIMESTAMP ON UPDATE CURRENT_TIMESTAMP COMMENT '创建时间',
  `amount` decimal(20,0) DEFAULT NULL COMMENT '金额',
  `status` int(11) DEFAULT '0' COMMENT '状态 0.等待提现 1.提现完成',
  `title` varchar(255) DEFAULT NULL COMMENT '标题',
  `remark` varchar(1000) DEFAULT NULL COMMENT '备注',
  PRIMARY KEY (`id`)
) ENGINE=InnoDB AUTO_INCREMENT=7 DEFAULT CHARSET=utf8;
/*!40101 SET character_set_client = @saved_cs_client */;

--
-- Dumping data for table `cash_out`
--

LOCK TABLES `cash_out` WRITE;
/*!40000 ALTER TABLE `cash_out` DISABLE KEYS */;
INSERT INTO `cash_out` VALUES (1,'589c9a5867104b40a956f16474f78108','shopapi','2bd209e36084479cbbb7258f12fce02f','2016-09-18 17:53:14',55500,0,NULL,''),(2,'ca0bdcc7cb93480598bd11539b9b3b88','shopapi','2bd209e36084479cbbb7258f12fce02f','2016-09-18 19:06:26',10000,0,NULL,''),(3,'443cad77347c4d9ca3f3102a9f206bc1','shopapi','2bd209e36084479cbbb7258f12fce02f','2016-09-18 19:06:49',10000,0,NULL,''),(4,'bc33ba56711b48e280abeebe209ba22d','shopapi','2bd209e36084479cbbb7258f12fce02f','2016-09-18 19:06:49',10000,0,NULL,''),(5,'9d46417c3ce44fb59d9da856ffc4e570','shopapi','2bd209e36084479cbbb7258f12fce02f','2016-09-18 19:08:26',20000,0,NULL,''),(6,'be38b9c6bcfa421aba238e2cc999de6b','shopapi','d2a37b2a259d486b825fef7df40b8660','2016-09-20 23:01:53',20000,0,NULL,'');
/*!40000 ALTER TABLE `cash_out` ENABLE KEYS */;
UNLOCK TABLES;

--
-- Table structure for table `gorp_migrations`
--

DROP TABLE IF EXISTS `gorp_migrations`;
/*!40101 SET @saved_cs_client     = @@character_set_client */;
/*!40101 SET character_set_client = utf8 */;
CREATE TABLE `gorp_migrations` (
  `id` varchar(255) NOT NULL,
  `applied_at` datetime DEFAULT NULL,
  PRIMARY KEY (`id`)
) ENGINE=InnoDB DEFAULT CHARSET=utf8;
/*!40101 SET character_set_client = @saved_cs_client */;

--
-- Dumping data for table `gorp_migrations`
--

LOCK TABLES `gorp_migrations` WRITE;
/*!40000 ALTER TABLE `gorp_migrations` DISABLE KEYS */;
INSERT INTO `gorp_migrations` VALUES ('init.sql','2016-09-06 16:16:36');
/*!40000 ALTER TABLE `gorp_migrations` ENABLE KEYS */;
UNLOCK TABLES;

--
-- Table structure for table `imprest`
--

DROP TABLE IF EXISTS `imprest`;
/*!40101 SET @saved_cs_client     = @@character_set_client */;
/*!40101 SET character_set_client = utf8 */;
CREATE TABLE `imprest` (
  `id` bigint(20) NOT NULL AUTO_INCREMENT,
  `app_id` varchar(255) DEFAULT NULL COMMENT '应用ID',
  `code` varchar(255) DEFAULT NULL COMMENT '付款码代号',
  `out_trade_no` varchar(255) DEFAULT '' COMMENT '第三方交易号',
  `trade_no` varchar(255) DEFAULT NULL COMMENT '交易编号',
  `trade_type` int(11) DEFAULT NULL COMMENT '交易类型',
  `open_id` varchar(255) DEFAULT NULL COMMENT '用户ID',
  `create_time` timestamp NOT NULL DEFAULT CURRENT_TIMESTAMP ON UPDATE CURRENT_TIMESTAMP COMMENT '创建时间',
  `update_time` timestamp NOT NULL DEFAULT '0000-00-00 00:00:00' COMMENT '更新时间',
  `type` int(11) DEFAULT NULL COMMENT '付款码类型 1.付款',
  `opr_open_ids` varchar(4000) DEFAULT NULL COMMENT '可以操作的人的ID集合例如: 1223,343545,4545',
  `amount` decimal(20,0) DEFAULT NULL COMMENT '金额',
  `balance` decimal(20,0) DEFAULT NULL COMMENT '余额',
  `status` int(11) DEFAULT '0' COMMENT '状态 1.进行中 0.等待生效 2.完成  -1.异常',
  `title` varchar(255) DEFAULT NULL COMMENT '标题',
  `remark` varchar(1000) DEFAULT NULL COMMENT '备注',
  PRIMARY KEY (`id`),
  UNIQUE KEY `code` (`code`)
) ENGINE=InnoDB AUTO_INCREMENT=147 DEFAULT CHARSET=utf8;
/*!40101 SET character_set_client = @saved_cs_client */;

--
-- Dumping data for table `imprest`
--

LOCK TABLES `imprest` WRITE;
/*!40000 ALTER TABLE `imprest` DISABLE KEYS */;
INSERT INTO `imprest` VALUES (1,'shopapi','a0fdda2119a84417a680924444512ce3','d5eb1f2662004992a7ed2e3851c2bf0c','1160906640410000',1,'2bd209e36084479cbbb7258f12fce02f','2016-09-06 01:47:22','2016-09-06 01:47:22',1,'',100000,100000,0,'账户充值','账户充值'),(2,'shopapi','d2b182c9ded847bea8e5ea58c686f074','cfd880fd8fe24db79b8d2dae12f53038','1160906691480002',1,'d2a37b2a259d486b825fef7df40b8660','2016-09-06 03:12:28','2016-09-06 03:12:28',1,'',30000,30000,0,'账户充值','账户充值'),(3,'shopapi','bf44bad4a7b241108e282795aa3df83a','91627ea912bc4eb59199353eb944850f','1160906691880003',1,'d2a37b2a259d486b825fef7df40b8660','2016-09-06 03:13:09','2016-09-06 03:13:09',1,'',30000,30000,0,'账户充值','账户充值'),(4,'shopapi','95a0b50e5df84feda372595f8bbc1183','','',3,'2bd209e36084479cbbb7258f12fce02f','2016-09-06 17:39:42','2016-09-06 17:39:42',1,'',15800,15800,0,'预定厨师','预定厨师'),(5,'shopapi','f049456e58a940ffb08e174c344feb4f','987a9079450343e28e307c9ebfeb73bb','1160907348430004',1,'d2a37b2a259d486b825fef7df40b8660','2016-09-06 17:40:43','2016-09-06 17:40:43',1,'',100000,100000,0,'账户充值','账户充值'),(6,'shopapi','bbb482e1143047018f35528938cab3fe','78c674e9d9014b88914fea270c461308','1160907348520005',1,'d2a37b2a259d486b825fef7df40b8660','2016-09-06 17:40:52','2016-09-06 17:40:52',1,'',100000,100000,0,'账户充值','账户充值'),(7,'shopapi','ad537dabf61e49d7b292cc89ccad1dfb','9c66ee135d3045bb88fc30acba85ff44','1160907348630006',1,'d2a37b2a259d486b825fef7df40b8660','2016-09-06 17:41:03','2016-09-06 17:41:03',1,'',100000,100000,0,'账户充值','账户充值'),(8,'shopapi','6ef2ee861d174033b2e427bb431cb75f','','',3,'d2a37b2a259d486b825fef7df40b8660','2016-09-06 17:43:28','2016-09-06 17:43:28',1,'',6900,6900,0,'购买商品','购买商品'),(9,'shopapi','fc99defd08274a36bf96ec8856c6eb64','1bf8bad0439545a58bd6a1f98a143906','1160907399510007',1,'86bd9576a18d493ead9b5b6e945f4f04','2016-09-06 19:05:51','2016-09-06 19:05:51',1,'',30000,30000,0,'账户充值','账户充值'),(10,'shopapi','480296e328644d229cb02c77387dfa2e','70037a2434d14c578806019403d68e0d','1160907399670008',1,'86bd9576a18d493ead9b5b6e945f4f04','2016-09-06 19:06:07','2016-09-06 19:06:07',1,'',30000,30000,0,'账户充值','账户充值'),(11,'shopapi','3cdca56cdbf94f628281556085cd17d9','72e0277f66934ab4bf2d473ccb9c63b3','1160907399890009',1,'2bd209e36084479cbbb7258f12fce02f','2016-09-06 19:06:30','2016-09-06 19:06:30',1,'',100000,100000,0,'账户充值','账户充值'),(12,'shopapi','2dd7b6dbdab04ad3836820a89356cbb9','4bf3d5d91c87468b8fc91e5b7ef092ef','1160907399990010',1,'2bd209e36084479cbbb7258f12fce02f','2016-09-06 19:06:40','2016-09-06 19:06:40',1,'',30000,30000,0,'账户充值','账户充值'),(13,'shopapi','51807b1feb624693ba62fb1c58330208','','',3,'75e8f083ce674590bc8380ec0679e742','2016-09-06 19:58:34','2016-09-06 19:58:34',1,'',50000,50000,0,'购买商品','购买商品'),(14,'shopapi','8c78a6c9c6c048c49c736cf3fcfd6b8b','','',3,'2bd209e36084479cbbb7258f12fce02f','2016-09-06 19:59:00','2016-09-06 19:59:00',1,'',6900,6900,0,'购买商品','购买商品'),(15,'shopapi','714ffb4a120b48fdb49d58161d1b343e','','',3,'2bd209e36084479cbbb7258f12fce02f','2016-09-06 19:59:00','2016-09-06 19:59:00',1,'',6900,6900,0,'购买商品','购买商品'),(16,'shopapi','0aec91fc782f427b8489437f61a8469b','','',3,'2bd209e36084479cbbb7258f12fce02f','2016-09-06 19:59:30','2016-09-06 19:59:30',1,'',6900,6900,0,'购买商品','购买商品'),(17,'shopapi','e3d5cc5d88e246a9abeeea99ec9fddf3','','',3,'2bd209e36084479cbbb7258f12fce02f','2016-09-06 19:59:35','2016-09-06 19:59:35',1,'',50000,50000,0,'购买商品','购买商品'),(18,'shopapi','f77cb1357dd84ab3aa4fe2b9147ee146','','',3,'2bd209e36084479cbbb7258f12fce02f','2016-09-06 20:02:06','2016-09-06 20:02:06',1,'',6900,6900,0,'购买商品','购买商品'),(19,'shopapi','7c47698e2c694cc99755bf1f3825f0a2','b939ac5b55d647bb98f73baaf65daf89','1160907448500017',1,'d2a37b2a259d486b825fef7df40b8660','2016-09-06 20:27:31','2016-09-06 20:27:31',1,'',30000,30000,0,'账户充值','账户充值'),(20,'shopapi','00e06a2d496a4bc991f459241b7946e7','3317e32768ae4737999863b2b198a4ba','1160907459940018',1,'2bd209e36084479cbbb7258f12fce02f','2016-09-06 20:46:35','2016-09-06 20:46:35',1,'',100000,100000,0,'账户充值','账户充值'),(21,'shopapi','0df0aee76c7e4eb592e1a39b63512c9d','4605063a3d6c46129407cd23f2a329c3','1160907460020019',1,'2bd209e36084479cbbb7258f12fce02f','2016-09-06 20:46:42','2016-09-06 20:46:42',1,'',100000,100000,0,'账户充值','账户充值'),(22,'shopapi','0d59c971cd7c4a5bb55398c113c3d987','d10ce77af08f421c9db96a245393ed60','1160907460150020',1,'d2a37b2a259d486b825fef7df40b8660','2016-09-06 20:46:56','2016-09-06 20:46:56',1,'',100000,100000,0,'账户充值','账户充值'),(23,'shopapi','dc17de1feb3e43f89dfb8f8bfe183374','b54f10e389f3479691b17fa566ee5881','1160907460250021',1,'d2a37b2a259d486b825fef7df40b8660','2016-09-06 20:47:05','2016-09-06 20:47:05',1,'',100000,100000,0,'账户充值','账户充值'),(24,'shopapi','fcc05cad6c074988b8017966045a7620','','',3,'d2a37b2a259d486b825fef7df40b8660','2016-09-06 20:49:37','2016-09-06 20:49:37',1,'',6900,6900,0,'购买商品','购买商品'),(25,'shopapi','0f622893e010470e8f6de2024ed03aa9','','',3,'d2a37b2a259d486b825fef7df40b8660','2016-09-06 20:50:09','2016-09-06 20:50:09',1,'',15800,15800,0,'预定厨师','预定厨师'),(26,'shopapi','f208d9ed01ff4ed1bb0f3abd5d3ceac6','','',3,'2bd209e36084479cbbb7258f12fce02f','2016-09-06 20:50:16','2016-09-06 20:50:16',1,'',6900,6900,0,'购买商品','购买商品'),(27,'shopapi','4446b511587c47b792cd2407ffaf2a15','fee4ca4ce91d43d9a0db6a3f76ea96ce','1160907483040022',1,'8c6ba245b64a4bd282d1ddb52156372b','2016-09-06 21:25:05','2016-09-06 21:25:05',1,'',100000,100000,0,'账户充值','账户充值'),(28,'shopapi','7f4baf8895cd4315a4d31569c4dd2b45','29811bdb6d66422c8975339ed4a48362','1160907483550023',1,'8c6ba245b64a4bd282d1ddb52156372b','2016-09-06 21:25:55','2016-09-06 21:25:55',1,'',30000,30000,0,'账户充值','账户充值'),(29,'shopapi','30593cbd94ff4a5683f24a0bc34ac7af','8450fd036f774a12994119e931c4298a','1160907483970024',1,'8c6ba245b64a4bd282d1ddb52156372b','2016-09-06 21:26:38','2016-09-06 21:26:38',1,'',100000,100000,0,'账户充值','账户充值'),(30,'shopapi','e1fd4c2355ae4f258fa3ed469c6125bc','f6431797fd2c4d83a7cd8143df18d514','1160907486770028',1,'05b52d0c5dbe4a7abbc73b374bae3630','2016-09-06 21:31:17','2016-09-06 21:31:17',1,'',30000,30000,0,'账户充值','账户充值'),(31,'shopapi','5769558352c04605aa0f36323bff6dc9','d8f6bb6926b44acba21614290eab6eb5','1160907486850029',1,'05b52d0c5dbe4a7abbc73b374bae3630','2016-09-06 21:31:26','2016-09-06 21:31:26',1,'',30000,30000,0,'账户充值','账户充值'),(32,'shopapi','5e5e4bccf71549cdad19a3a909b31d9a','048e8f138ad6431d815839701ff16aa7','1160907496290030',1,'86bd9576a18d493ead9b5b6e945f4f04','2016-09-06 21:47:09','2016-09-06 21:47:09',1,'',30000,30000,0,'账户充值','账户充值'),(33,'shopapi','92d1561000ad445fa21f7bb7861d966f','03166006414747eaa3f7fa0f61b00568','1160907496380031',1,'86bd9576a18d493ead9b5b6e945f4f04','2016-09-06 21:47:18','2016-09-06 21:47:18',1,'',30000,30000,0,'账户充值','账户充值'),(34,'shopapi','a3eea9e8cba14d2785c09901f22cac96','e26d68fce8a34bd29c3094f12a7d42eb','1160908338690032',1,'d2a37b2a259d486b825fef7df40b8660','2016-09-07 17:24:30','2016-09-07 17:24:30',1,'',30000,30000,0,'账户充值','账户充值'),(35,'shopapi','13618024e2f545969ccd4850e8e54e28','cc664c3ef6164100b2cab6033727647a','1160908338920033',1,'2bd209e36084479cbbb7258f12fce02f','2016-09-07 17:24:53','2016-09-07 17:24:53',1,'',100000,100000,0,'账户充值','账户充值'),(36,'shopapi','f83fa64766df49f7a2fd89b23cc38ccb','8f1443e046ee4cac9ad94bedbf6c4d53','1160908338990034',1,'2bd209e36084479cbbb7258f12fce02f','2016-09-07 17:25:00','2016-09-07 17:25:00',1,'',100000,100000,0,'账户充值','账户充值'),(37,'shopapi','c3e35fe9337845a185e07332de23d6f7','05f6734195ad4ac4b49f394d6bba107b','1160908339060035',1,'2bd209e36084479cbbb7258f12fce02f','2016-09-07 17:25:07','2016-09-07 17:25:07',1,'',100000,100000,0,'账户充值','账户充值'),(38,'shopapi','4370c9aeb4ed41f3afbced29f389ee02','8aa1b5020d744126b135c3e7b026548b','1160908339140036',1,'2bd209e36084479cbbb7258f12fce02f','2016-09-07 17:25:14','2016-09-07 17:25:14',1,'',30000,30000,0,'账户充值','账户充值'),(39,'shopapi','a23633e76c3d4fb6bc9a58ae96060574','a7a738a94c3a42618f2f520079b66d76','1160908339650044',1,'d2a37b2a259d486b825fef7df40b8660','2016-09-07 17:26:06','2016-09-07 17:26:06',1,'',30000,30000,0,'账户充值','账户充值'),(40,'shopapi','f44888a17fb0420e9b9e5c46152af64f','72244660828a440db108880a5dad75e8','1160908340100045',1,'d2a37b2a259d486b825fef7df40b8660','2016-09-07 17:26:51','2016-09-07 17:26:51',1,'',30000,30000,0,'账户充值','账户充值'),(41,'shopapi','d008c908256c402ab2e055430c2634db','2d5196509cda47638a7fb1ffa5823739','1160908340270046',1,'d2a37b2a259d486b825fef7df40b8660','2016-09-07 17:27:08','2016-09-07 17:27:08',1,'',50000,50000,0,'账户充值','账户充值'),(42,'shopapi','98a2755129b6479885afa93d07d425ae','893da1d97d074ca9ba12030d850f64dc','1160908340450047',1,'d2a37b2a259d486b825fef7df40b8660','2016-09-07 17:27:25','2016-09-07 17:27:25',1,'',30000,30000,0,'账户充值','账户充值'),(43,'shopapi','22527456f80646d58f0638f7c43c88d1','afba3d924087473f990a2221af7d3f30','1160908340540048',1,'d2a37b2a259d486b825fef7df40b8660','2016-09-07 17:27:34','2016-09-07 17:27:34',1,'',30000,30000,0,'账户充值','账户充值'),(44,'shopapi','c356afe82fe443a1a871213bcaa06635','8816fe832fb446a284f0a442e5e9baa1','1160908340710049',1,'d2a37b2a259d486b825fef7df40b8660','2016-09-07 17:27:52','2016-09-07 17:27:52',1,'',30000,30000,0,'账户充值','账户充值'),(45,'shopapi','d5a0a11b7eb14eaab1f5544f5dc9f4c9','84200d2036f445f381e0e2458f2c8946','1160908367750000',1,'2bd209e36084479cbbb7258f12fce02f','2016-09-07 18:12:56','2016-09-07 18:12:56',1,'',100000,100000,0,'账户充值','账户充值'),(46,'shopapi','4c5dfb368b864653b17a0993a9752032','4ad9f3b7f5c3455d8e3794ba716e1ba0','1160908367870001',1,'2bd209e36084479cbbb7258f12fce02f','2016-09-07 18:13:08','2016-09-07 18:13:08',1,'',100000,100000,0,'账户充值','账户充值'),(47,'shopapi','34a5e312784243b3ac495cc70810fb8c','dcc8a635172140398c8215b973025d82','1160908367990002',1,'2bd209e36084479cbbb7258f12fce02f','2016-09-07 18:13:20','2016-09-07 18:13:20',1,'',30000,30000,0,'账户充值','账户充值'),(48,'shopapi','8c5313f4b83d410d8992a55dfc40893c','fb0b5166f11542089aaaa20846c1a581','1160908368110003',1,'2bd209e36084479cbbb7258f12fce02f','2016-09-07 18:13:32','2016-09-07 18:13:32',1,'',30000,30000,0,'账户充值','账户充值'),(49,'shopapi','4d8ff8185a1e4a19b6d79087a7906ed6','','',3,'d2a37b2a259d486b825fef7df40b8660','2016-09-08 22:34:24','2016-09-08 22:34:24',1,'',50000,50000,0,'购买商品','购买商品'),(50,'shopapi','601ed234e9cc4d7d892555b289e6e8cc','','',3,'d2a37b2a259d486b825fef7df40b8660','2016-09-08 22:35:29','2016-09-08 22:35:29',1,'',50000,50000,0,'购买商品','购买商品'),(51,'shopapi','5d8a32731d964072aeb67b6abf38a722','','',3,'75e8f083ce674590bc8380ec0679e742','2016-09-08 22:36:51','2016-09-08 22:36:51',1,'',50000,50000,0,'购买商品','购买商品'),(52,'shopapi','bc3394dbdc6647b28c2c71c90f53c3b7','86084c52a8454347b9b22eacd4e82ce3','1160909526480004',1,'75e8f083ce674590bc8380ec0679e742','2016-09-08 22:37:29','2016-09-08 22:37:29',1,'',100000,100000,0,'账户充值','账户充值'),(53,'shopapi','7906f8d0c72241b2aa77ef8ca0cd4682','26e6b931a0174fc7abeacee8e9fc42a5','1160909526510005',1,'75e8f083ce674590bc8380ec0679e742','2016-09-08 22:37:32','2016-09-08 22:37:32',1,'',100000,100000,0,'账户充值','账户充值'),(54,'shopapi','ce9ac5cbd74d480187a00fe636781b13','e2c092194b734d4baf71fd9439b2625f','1160909526690006',1,'75e8f083ce674590bc8380ec0679e742','2016-09-08 22:37:50','2016-09-08 22:37:50',1,'',100000,100000,0,'账户充值','账户充值'),(55,'shopapi','2bd634a39dea496fa18c121730ea6435','e13432e9956d42b598198ee0e9839ea5','1160909526770007',1,'2bd209e36084479cbbb7258f12fce02f','2016-09-08 22:37:59','2016-09-08 22:37:59',1,'',100000,100000,0,'账户充值','账户充值'),(56,'shopapi','58e04db10a7546c08361a0d6c30ff533','bc5fb258eec14cf5805d1dd4e6cec0e1','1160909526870008',1,'2bd209e36084479cbbb7258f12fce02f','2016-09-08 22:38:08','2016-09-08 22:38:08',1,'',100000,100000,0,'账户充值','账户充值'),(57,'shopapi','c628c0ad47614f01b3af8e7bcda4ea2e','bd1cd530fd2b459ba4b13c2c43947c62','1160909527090009',1,'75e8f083ce674590bc8380ec0679e742','2016-09-08 22:38:30','2016-09-08 22:38:30',1,'',30000,30000,0,'账户充值','账户充值'),(58,'shopapi','aa6ace9fd31b488093da344ac34f3328','b7564367d7c849ffa625ed0e11c6dc62','1160912331790010',1,'2bd209e36084479cbbb7258f12fce02f','2016-09-11 17:13:00','2016-09-11 17:13:00',1,'',30000,30000,0,'账户充值','账户充值'),(59,'shopapi','e81e76f54c3b4ccf943eb3e4b41c4fc5','4e129a2299ba4d6c980460550b36d000','1160912337690011',1,'d2a37b2a259d486b825fef7df40b8660','2016-09-11 17:22:50','2016-09-11 17:22:50',1,'',1000000,1000000,0,'账户充值','账户充值'),(60,'shopapi','22858f09da394606a4f1650ff3e3602f','1db0d3d717d340119aa6983312f48d87','1160912338230013',1,'d2a37b2a259d486b825fef7df40b8660','2016-09-11 17:23:44','2016-09-11 17:23:44',1,'',100,100,0,'账户充值','账户充值'),(61,'shopapi','0082b79b62364a449f2e8749d2702b5b','0ce3674edb0c4f32b97752a96cb86505','1160912338970014',1,'d2a37b2a259d486b825fef7df40b8660','2016-09-11 17:24:58','2016-09-11 17:24:58',1,'',30000,30000,0,'账户充值','账户充值'),(62,'shopapi','9d4171fa56b744a692f4e1f9006cf9cf','41d95308f2d54497bfadfa4aa0049673','1160912339040015',1,'d2a37b2a259d486b825fef7df40b8660','2016-09-11 17:25:04','2016-09-11 17:25:04',1,'',50000,50000,0,'账户充值','账户充值'),(63,'shopapi','967618cf0310455ebc7444c7faa3a591','c1464324f25d4477a2fe9e27f9e47edc','1160912339430016',1,'d2a37b2a259d486b825fef7df40b8660','2016-09-11 17:25:44','2016-09-11 17:25:44',1,'',100000,100000,0,'账户充值','账户充值'),(64,'shopapi','30310219bd5141eca5e0c80528f03366','f61d89ae73e04dc2abca9892bc5067b1','1160912339490017',1,'d2a37b2a259d486b825fef7df40b8660','2016-09-11 17:25:50','2016-09-11 17:25:50',1,'',30000,30000,0,'账户充值','账户充值'),(65,'shopapi','10d09dfe07d2474a9c6d57111c29e52f','96786475a7b64220a759a124cd28790d','1160912339740018',1,'d2a37b2a259d486b825fef7df40b8660','2016-09-11 17:26:15','2016-09-11 17:26:15',1,'',200,200,0,'账户充值','账户充值'),(66,'shopapi','947f21e5ec964e1a9368c1226715040b','1c322474534046988b200cf070c593fc','1160912340530019',1,'d2a37b2a259d486b825fef7df40b8660','2016-09-11 17:27:34','2016-09-11 17:27:34',1,'',1,1,0,'账户充值','账户充值'),(67,'shopapi','09dd1af199b242a182dfa6f12cab5d59','a35b6f06deb04c95933f000e712bcebc','1160912341570020',1,'d2a37b2a259d486b825fef7df40b8660','2016-09-11 17:29:18','2016-09-11 17:29:18',1,'',30000,30000,0,'账户充值','账户充值'),(68,'shopapi','21be9aed4c4d43a593911c6b6a9d9458','b958167d9ced46cb9fa7d522ccbed89b','1160912362400021',1,'8a4a1879c2ce401f98fb7da0b703aa1d','2016-09-11 18:04:01','2016-09-11 18:04:01',1,'',30000,30000,0,'账户充值','账户充值'),(69,'shopapi','472d4f4cf9aa4708be02ea76976cbf38','3da4e62333cf400aaca514d35a744e62','1160912365780023',1,'8c6ba245b64a4bd282d1ddb52156372b','2016-09-11 18:09:38','2016-09-11 18:09:38',1,'',1,1,0,'账户充值','账户充值'),(70,'shopapi','421e735bea404be795f18e97e6d3a515','f38dcb6c9ce9425fbe4981f5a0551feb','1160912366060024',1,'8c6ba245b64a4bd282d1ddb52156372b','2016-09-11 18:10:07','2016-09-11 18:10:07',1,'',1,1,0,'账户充值','账户充值'),(71,'shopapi','bdbf1dd24ef34e78a774d8497d4f5c46','106aca3e6b9a45f9b1a90c6eee10d490','1160912366150025',1,'8c6ba245b64a4bd282d1ddb52156372b','2016-09-11 18:10:16','2016-09-11 18:10:16',1,'',1,1,0,'账户充值','账户充值'),(72,'shopapi','e0e7201e0da94a0cb77ccbe007c296c8','3374a272de664865aff867f7f8e7521f','1160912366460026',1,'8c6ba245b64a4bd282d1ddb52156372b','2016-09-11 18:10:48','2016-09-11 18:10:48',1,'',1,1,0,'账户充值','账户充值'),(73,'shopapi','5df01de550984d1d83898b71c9d2c1f3','12289b0bd19a4a0bbbda4b8f1070278d','1160912368020027',1,'8a4a1879c2ce401f98fb7da0b703aa1d','2016-09-11 18:13:23','2016-09-11 18:13:23',1,'',1,1,0,'账户充值','账户充值'),(74,'shopapi','e995bd9edd7f4d14953b65c9c653aeeb','7f4cf04abe814371a486da96a3c5023f','1160912371910000',1,'8a4a1879c2ce401f98fb7da0b703aa1d','2016-09-11 18:19:52','2016-09-11 18:19:52',1,'',1,1,0,'账户充值','账户充值'),(75,'shopapi','8fb6f83f15464031ac85fa049e649661','36e9f578fcc4480db7017fe307321aaa','1160912372580001',1,'8a4a1879c2ce401f98fb7da0b703aa1d','2016-09-12 02:21:09','2016-09-11 18:20:59',1,'',1,0,2,'账户充值','账户充值'),(76,'shopapi','61fbdeae684444529693834465f7dce4','7edf23f035a04820ae4ad4a9db1b1f60','1160912373110002',1,'8a4a1879c2ce401f98fb7da0b703aa1d','2016-09-11 18:21:52','2016-09-11 18:21:52',1,'',1,1,0,'账户充值','账户充值'),(77,'shopapi','e4ca1146720c4297bebe99f44b60d7b9','f92de2cc00644a8f9e65378c60327e82','1160912373620003',1,'8a4a1879c2ce401f98fb7da0b703aa1d','2016-09-11 18:22:42','2016-09-11 18:22:42',1,'',1,1,0,'账户充值','账户充值'),(78,'shopapi','3182fc9fc4214effba4f710824e4173f','e57f2cfa829a4627a75d2b79621196e0','1160912373720004',1,'8a4a1879c2ce401f98fb7da0b703aa1d','2016-09-11 18:22:52','2016-09-11 18:22:52',1,'',1,1,0,'账户充值','账户充值'),(79,'shopapi','6b9ba92186aa447a8b15153ee244e17c','560576c9f8014592b3765cc8818aa6df','1160912374760005',1,'8c6ba245b64a4bd282d1ddb52156372b','2016-09-11 18:24:36','2016-09-11 18:24:36',1,'',1,1,0,'账户充值','账户充值'),(80,'shopapi','bbf67c9cb7f44c33b4eb8e4d627d7e68','361b4a0216c940d5ac0bbc90ea266af2','1160912374980006',1,'8c6ba245b64a4bd282d1ddb52156372b','2016-09-12 02:25:03','2016-09-11 18:24:59',1,'',1,0,2,'账户充值','账户充值'),(81,'shopapi','9519d80b0c3d4d6396c15e04287ac71c','f8265a2ad8ef43fd87c5ccb32fdbbd52','1160912375880007',1,'8c6ba245b64a4bd282d1ddb52156372b','2016-09-11 18:26:29','2016-09-11 18:26:29',1,'',1,1,0,'账户充值','账户充值'),(82,'shopapi','5f80b0c9dab04b68be3743f339aee65d','96ec97a40cbd4662978e0cf5b1e8ce5f','1160912376240008',1,'8c6ba245b64a4bd282d1ddb52156372b','2016-09-11 18:27:05','2016-09-11 18:27:05',1,'',1,1,0,'账户充值','账户充值'),(83,'shopapi','c436dcaeeace4a9b911e54ace9263a10','c198980f476749caae3d94259522390c','1160912376430009',1,'8c6ba245b64a4bd282d1ddb52156372b','2016-09-11 18:27:24','2016-09-11 18:27:24',1,'',1,1,0,'账户充值','账户充值'),(84,'shopapi','c6ed19f6c7fe4867af1b5b5a75740fcb','95672f4c4daf410c8d2cf23b58beba55','1160912376540010',1,'8c6ba245b64a4bd282d1ddb52156372b','2016-09-11 18:27:35','2016-09-11 18:27:35',1,'',1,1,0,'账户充值','账户充值'),(85,'shopapi','70b6216e64894f558b5b3e4b07329ad7','','',3,'ebe6a2245e6e4ece888688f81beaa4df','2016-09-11 19:34:29','2016-09-11 19:34:29',1,'',24000,24000,0,'预定厨师','预定厨师'),(86,'shopapi','268562d3d72347058c86ef03cb18f8d5','','',3,'ebe6a2245e6e4ece888688f81beaa4df','2016-09-11 19:38:35','2016-09-11 19:38:35',1,'',15800,15800,0,'预定厨师','预定厨师'),(87,'shopapi','2dfcda2b121f4c5780edbee64ba33ddd','','',3,'8c6ba245b64a4bd282d1ddb52156372b','2016-09-11 19:40:59','2016-09-11 19:40:59',1,'',15800,15800,0,'预定厨师','预定厨师'),(88,'shopapi','4f1ca3ee161f4881861300223c6007f5','','',3,'8c6ba245b64a4bd282d1ddb52156372b','2016-09-11 19:42:16','2016-09-11 19:42:16',1,'',16800,16800,0,'预定厨师','预定厨师'),(89,'shopapi','c27d84d9c4f64c7592d8c187e1c00853','','',3,'d2a37b2a259d486b825fef7df40b8660','2016-09-11 20:07:16','2016-09-11 20:07:16',1,'',15800,15800,0,'预定厨师','预定厨师'),(90,'shopapi','eb35a801be83468b826415dec85ab6c4','','',3,'d2a37b2a259d486b825fef7df40b8660','2016-09-11 21:25:00','2016-09-11 21:25:00',1,'',6900,6900,0,'购买商品','购买商品'),(91,'shopapi','124119bb394f4c0aa953ec5b1a063a30','','',3,'8c6ba245b64a4bd282d1ddb52156372b','2016-09-11 22:22:14','2016-09-11 22:22:14',1,'',33300,33300,0,'系列套餐/私人定制','系列套餐/私人定制'),(92,'shopapi','890802214d004ad2ace035ec0f89a631','','',3,'8c6ba245b64a4bd282d1ddb52156372b','2016-09-12 08:48:00','2016-09-12 00:13:11',1,'',33300,0,2,'系列套餐/私人定制','系列套餐/私人定制'),(93,'shopapi','f7f41bee99814e0985fd7bb583e38384','','',3,'8c6ba245b64a4bd282d1ddb52156372b','2016-09-12 09:18:00','2016-09-12 00:43:20',1,'',33300,0,2,'系列套餐/私人定制','系列套餐/私人定制'),(94,'shopapi','0f5d0fc528074c10aa477c11eb0bc477','','',3,'d2a37b2a259d486b825fef7df40b8660','2016-09-12 09:42:00','2016-09-12 01:01:10',1,'',15800,0,2,'预定厨师','预定厨师'),(95,'shopapi','a8931c978e63439181cb3f1ad7932d13','','',3,'29df44dc59f14e6a89c4fbd66d9a4bea','2016-09-12 01:03:46','2016-09-12 01:03:46',1,'',15800,15800,0,'预定厨师','预定厨师'),(96,'shopapi','3ce6cd257b8045f5ba318b66ef844d3b','4bfb0bd8d3ea458aa7edd05dbefd7e71','1160912640710000',1,'d2a37b2a259d486b825fef7df40b8660','2016-09-12 01:47:51','2016-09-12 01:47:51',1,'',1,1,0,'账户充值','账户充值'),(97,'shopapi','36b2dedef8b84400a7be5ddf25bceebb','eb7651d8c71d4976af78de4c70791d19','1160912642130001',1,'d2a37b2a259d486b825fef7df40b8660','2016-09-12 09:50:25','2016-09-12 01:50:14',1,'',1,0,2,'账户充值','账户充值'),(98,'shopapi','a3c236c8bb5846b6b3f1b24be7ba3f3b','','',3,'8c6ba245b64a4bd282d1ddb52156372b','2016-09-12 10:42:00','2016-09-12 02:06:19',1,'',33300,0,2,'系列套餐/私人定制','系列套餐/私人定制'),(99,'shopapi','3be174f277a24dd1ac75e5b5b1c1ebe4','','',3,'8c6ba245b64a4bd282d1ddb52156372b','2016-09-12 10:48:00','2016-09-12 02:13:38',1,'',33300,0,2,'系列套餐/私人定制','系列套餐/私人定制'),(100,'shopapi','9fd9dc44e40c483db463ba3d9beae13b','','',3,'8c6ba245b64a4bd282d1ddb52156372b','2016-09-12 10:54:00','2016-09-12 02:23:12',1,'',33300,0,2,'系列套餐/私人定制','系列套餐/私人定制'),(101,'shopapi','f37cd4f1a01641e9bf8ac5cdd22b822b','5e368dbc6ee7441f99576fc65e1c1bfa','1160913357170002',1,'8c6ba245b64a4bd282d1ddb52156372b','2016-09-12 17:55:18','2016-09-12 17:55:18',1,'',1,1,0,'账户充值','账户充值'),(102,'shopapi','f5d8dac27d284da89cec0e35616e4f5f','48a7e9c984104bb8a1ce2875bd5c40b3','1160913358050003',1,'8c6ba245b64a4bd282d1ddb52156372b','2016-09-12 17:56:47','2016-09-12 17:56:47',1,'',1,1,0,'账户充值','账户充值'),(103,'shopapi','0ec7cf1d762f456881f7b667d9cbf2fb','430614d85c2e42ba98e3c0536a98b9b6','1160913370040004',1,'8a4a1879c2ce401f98fb7da0b703aa1d','2016-09-12 18:16:45','2016-09-12 18:16:45',1,'',1,1,0,'账户充值','账户充值'),(104,'shopapi','57d2edd5894f4f5ebbf61a67e733b829','ec5d29a4998347deae6b9874cc6be24b','1160913376950000',1,'8a4a1879c2ce401f98fb7da0b703aa1d','2016-09-12 18:28:15','2016-09-12 18:28:15',1,'',1,1,0,'账户充值','账户充值'),(105,'shopapi','f1c0007618e24aa8bc4adf42f8cd7658','f1ec2baa9c514f90864daca5666764b6','1160913378060000',1,'8a4a1879c2ce401f98fb7da0b703aa1d','2016-09-12 18:30:07','2016-09-12 18:30:07',1,'',1,1,0,'账户充值','账户充值'),(106,'shopapi','30712252f08543498adea943c2588409','da6c2331b50c44b19fa6b45abc9058a7','1160913378560000',1,'8a4a1879c2ce401f98fb7da0b703aa1d','2016-09-12 18:30:56','2016-09-12 18:30:56',1,'',1,1,0,'账户充值','账户充值'),(107,'shopapi','a646c8987303425ca685d420ac08d0c5','49f77567db7e4a709b953fcd1c172665','1160913379460001',1,'8a4a1879c2ce401f98fb7da0b703aa1d','2016-09-12 18:32:26','2016-09-12 18:32:26',1,'',1,1,0,'账户充值','账户充值'),(108,'shopapi','28830691d7994096b2f32c63693e2a58','2d20102f429a46bc8b0fbaee97862770','1160913386370000',1,'8a4a1879c2ce401f98fb7da0b703aa1d','2016-09-12 18:43:58','2016-09-12 18:43:58',1,'',1,1,0,'账户充值','账户充值'),(109,'shopapi','f6b50ee4b3f44812acba25aaa3e5bf8d','7037180f4ba84e50a7d0171b1c5e113d','1160913411580001',1,'8a4a1879c2ce401f98fb7da0b703aa1d','2016-09-13 04:19:51','2016-09-12 19:25:58',1,'',1,0,2,'账户充值','账户充值'),(110,'shopapi','df14604261254d2094298176809182f3','aaff837bc661445b8ce1b228ea70bc8b','1160913415500002',1,'8c6ba245b64a4bd282d1ddb52156372b','2016-09-12 19:32:30','2016-09-12 19:32:30',1,'',1,1,0,'账户充值','账户充值'),(111,'shopapi','d91ea22e7f0e456b9086fbe0cb4185f8','5f666318e32a477aa98d6ed9f22dea56','1160913416590003',1,'8c6ba245b64a4bd282d1ddb52156372b','2016-09-13 04:17:44','2016-09-12 19:34:20',1,'',1,0,2,'账户充值','账户充值'),(112,'shopapi','f2730de2a0714ea2be9fbb374b553531','f729e94eeae14a5998378307b1bfe3ec','1160913417250004',1,'8c6ba245b64a4bd282d1ddb52156372b','2016-09-13 04:19:14','2016-09-12 19:35:25',1,'',1,0,2,'账户充值','账户充值'),(113,'shopapi','5e5b97a32c554d20b94dd47fee618339','583a497d66344e7ba2c35b65b7ea2dc0','1160913443330005',1,'8a4a1879c2ce401f98fb7da0b703aa1d','2016-09-13 04:19:05','2016-09-12 20:18:53',1,'',1,0,2,'账户充值','账户充值'),(114,'shopapi','ca80c14779a947a188344792e6dee2ac','7b250c80904a4d64b63dd61199481058','1160913513170006',1,'86bd9576a18d493ead9b5b6e945f4f04','2016-09-12 22:15:18','2016-09-12 22:15:18',1,'',1,1,0,'账户充值','账户充值'),(115,'shopapi','ac20fd3c9d4a47e59cab36eb8d6230ae','','',3,'99076c05f63c41df8177f5da17c7e159','2016-09-13 01:24:59','2016-09-13 01:24:59',1,'',666600,666600,0,'系列套餐/私人定制','系列套餐/私人定制'),(116,'shopapi','ed3ac003f0f343b28c2f7e3b83c2729f','4fdd9a83dbf94b49a3a06316fa0fd38c','1160913642880007',1,'d2a37b2a259d486b825fef7df40b8660','2016-09-13 09:51:38','2016-09-13 01:51:28',1,'',1,0,2,'账户充值','账户充值'),(117,'shopapi','fbf96e9f56144e09abdfa6e3b4f81cd6','','',3,'d2a37b2a259d486b825fef7df40b8660','2016-09-13 10:30:00','2016-09-13 01:54:35',1,'',666600,0,2,'系列套餐/私人定制','系列套餐/私人定制'),(118,'shopapi','c324dcf19cfd466596695d05116e1d14','','',3,'2bd209e36084479cbbb7258f12fce02f','2016-09-13 02:03:27','2016-09-13 02:03:27',1,'',118800,118800,0,'系列套餐/私人定制','系列套餐/私人定制'),(119,'shopapi','0353910004e34e03af7c0d7b14dd3759','','',3,'2f56a1b693894a49af5a667daeb27c37','2016-09-13 02:31:53','2016-09-13 02:31:53',1,'',5500,5500,0,'购买商品','购买商品'),(120,'shopapi','a7b646eb104b40688486fe51d85ac091','','',3,'8a4a1879c2ce401f98fb7da0b703aa1d','2016-09-17 21:15:05','2016-09-17 21:15:05',1,'',50000,50000,0,'购买商品','购买商品'),(121,'shopapi','92457eb2324d4651846a4c173b76df6a','','',3,'8a4a1879c2ce401f98fb7da0b703aa1d','2016-09-17 21:15:15','2016-09-17 21:15:15',1,'',6900,6900,0,'购买商品','购买商品'),(122,'shopapi','b7a22b61093e41b2b754f7670a4d555b','','',3,'8a4a1879c2ce401f98fb7da0b703aa1d','2016-09-17 21:26:07','2016-09-17 21:26:07',1,'',6900,6900,0,'购买商品','购买商品'),(123,'shopapi','43dd8a65c39a446d93541c8befb621bc','19eeacd88ab64145b45156b5dc2f3d84','1160918486280000',1,'8a4a1879c2ce401f98fb7da0b703aa1d','2016-09-17 21:30:29','2016-09-17 21:30:29',1,'',1,1,0,'账户充值','账户充值'),(124,'shopapi','6a925366890c4b148482103ebdab3e51','eb48f7888f004ba28c83c15205d9f004','1160918486600001',1,'8a4a1879c2ce401f98fb7da0b703aa1d','2016-09-17 21:31:01','2016-09-17 21:31:01',1,'',1,1,0,'账户充值','账户充值'),(125,'shopapi','ccb748a9c25446baa6cc626fdcece720','','',3,'2bd209e36084479cbbb7258f12fce02f','2016-09-19 02:24:00','2016-09-18 17:50:55',1,'',6900,0,2,'购买商品','购买商品'),(126,'shopapi','078d701f575945de83fb978c97df9429','13820c324627404fa1eb687807ad1725','1160919355120003',1,'2bd209e36084479cbbb7258f12fce02f','2016-09-18 17:51:52','2016-09-18 17:51:52',1,'',1,1,0,'账户充值','账户充值'),(127,'shopapi','4f6a90dee77642cbb956fdbc43d13d58','5fb5add4de4046cab2e7cfde0f8fdd2c','1160919355190004',1,'2bd209e36084479cbbb7258f12fce02f','2016-09-18 17:52:00','2016-09-18 17:52:00',1,'',1,1,0,'账户充值','账户充值'),(128,'shopapi','11b53293f6024d54887c1024098c2153','6733b3ac6a714c089379b02bb5302b69','1160919355320005',1,'2bd209e36084479cbbb7258f12fce02f','2016-09-18 17:52:13','2016-09-18 17:52:13',1,'',1,1,0,'账户充值','账户充值'),(129,'shopapi','713b69bc1a2e42b18a32dc08715fb7ec','','',3,'2bd209e36084479cbbb7258f12fce02f','2016-09-18 18:58:11','2016-09-18 18:58:11',1,'',6900,6900,0,'购买商品','购买商品'),(130,'shopapi','f8aac63c9322473d83720467dc408185','','',3,'2bd209e36084479cbbb7258f12fce02f','2016-09-19 03:02:56','2016-09-18 19:02:41',1,'',15800,15800,1,'预定厨师','预定厨师'),(131,'shopapi','5ace73d36d1146bbad9a5f0a487a2f3c','','',3,'2bd209e36084479cbbb7258f12fce02f','2016-09-18 19:12:44','2016-09-18 19:12:44',1,'',15800,15800,0,'预定厨师','预定厨师'),(132,'shopapi','e4fd3da8c7a3484f879e9d7efb46dd12','','',3,'2bd209e36084479cbbb7258f12fce02f','2016-09-19 03:48:00','2016-09-18 19:13:15',1,'',15800,0,2,'预定厨师','预定厨师'),(133,'shopapi','8887a27898374dd68eb7a3b8eb044f29','','',3,'2bd209e36084479cbbb7258f12fce02f','2016-09-19 03:48:00','2016-09-18 19:13:55',1,'',15800,0,2,'预定厨师','预定厨师'),(134,'shopapi','2c8da443655d434a92c4a68b2be973b9','','',3,'2bd209e36084479cbbb7258f12fce02f','2016-09-18 22:32:23','2016-09-18 22:32:23',1,'',50000,50000,0,'购买商品','购买商品'),(135,'shopapi','9a7b75ad564b46c781e9cbb35931ec6b','280b0df6c4474435ad0d509cdda28a60','1160919523830006',1,'2bd209e36084479cbbb7258f12fce02f','2016-09-18 22:33:04','2016-09-18 22:33:04',1,'',1,1,0,'账户充值','账户充值'),(136,'shopapi','06c490c381a44eaeb990c12473dbd8e8','d144fccd8ad5476c9bcc41d2315f91f3','1160919523920007',1,'2bd209e36084479cbbb7258f12fce02f','2016-09-18 22:33:12','2016-09-18 22:33:12',1,'',1,1,0,'账户充值','账户充值'),(137,'shopapi','532119a2255640fda9212e953eb72eb2','c81089846de843b89cba4b696d923cb2','1160919579730008',1,'2bd209e36084479cbbb7258f12fce02f','2016-09-19 00:06:13','2016-09-19 00:06:13',1,'',1,1,0,'账户充值','账户充值'),(138,'shopapi','f6a76fcb79694e6a9e8934ab9de24a4e','','',3,'d2a37b2a259d486b825fef7df40b8660','2016-09-21 02:00:00','2016-09-20 17:27:59',1,'',6900,0,2,'购买商品','购买商品'),(139,'shopapi','613bcde166d8450a83ca3e015632543d','','',3,'d2a37b2a259d486b825fef7df40b8660','2016-09-21 02:06:00','2016-09-20 17:32:01',1,'',13800,0,2,'购买商品','购买商品'),(140,'shopapi','a20c69b9230c42e49f47819edb822d8b','','',3,'d2a37b2a259d486b825fef7df40b8660','2016-09-21 08:54:00','2016-09-21 00:23:31',1,'',15800,0,2,'预定厨师','预定厨师'),(141,'shopapi','5a76d8a2c5af4e30aa02fd5dfa809259','','',3,'d2a37b2a259d486b825fef7df40b8660','2016-09-21 09:00:00','2016-09-21 00:24:20',1,'',15800,0,2,'预定厨师','预定厨师'),(142,'shopapi','4cd297fddcb74957aed3b8c93a8299c8','','',3,'d2a37b2a259d486b825fef7df40b8660','2016-09-21 09:24:00','2016-09-21 00:51:36',1,'',15800,0,2,'预定厨师','预定厨师'),(143,'shopapi','27233feb817742bfbc57d1a0af4fd846','0feb8790be0648b6abc0ab32e9a2da21','1160923312670009',1,'d2a37b2a259d486b825fef7df40b8660','2016-09-22 16:41:08','2016-09-22 16:41:08',1,'',1,1,0,'账户充值','账户充值'),(144,'shopapi','35eb374af02f49e1b79a6706b46686ce','cada6740978d4ab9b6f06851516afdaf','1160923428770010',1,'2bd209e36084479cbbb7258f12fce02f','2016-09-22 19:54:38','2016-09-22 19:54:38',1,'',1,1,0,'账户充值','账户充值'),(145,'shopapi','7d5d76afa9fe4df093030a520d3b6da5','b8c48cce0a9b49efbf3604fd9581365b','1160923428930011',1,'2bd209e36084479cbbb7258f12fce02f','2016-09-22 19:54:54','2016-09-22 19:54:54',1,'',1,1,0,'账户充值','账户充值'),(146,'shopapi','7454a75d4c3c414997889fdee55505c1','29891f56ae864f43b502ddea1d9216d1','1160923429000012',1,'2bd209e36084479cbbb7258f12fce02f','2016-09-22 19:55:00','2016-09-22 19:55:00',1,'',1,1,0,'账户充值','账户充值');
/*!40000 ALTER TABLE `imprest` ENABLE KEYS */;
UNLOCK TABLES;

--
-- Table structure for table `imprest_record`
--

DROP TABLE IF EXISTS `imprest_record`;
/*!40101 SET @saved_cs_client     = @@character_set_client */;
/*!40101 SET character_set_client = utf8 */;
CREATE TABLE `imprest_record` (
  `id` bigint(20) NOT NULL AUTO_INCREMENT,
  `app_id` varchar(255) DEFAULT NULL COMMENT '应用ID',
  `code` varchar(255) DEFAULT NULL COMMENT '付款码代号',
  `sub_trade_no` varchar(255) DEFAULT NULL COMMENT '子交易号',
  `trade_no` varchar(255) DEFAULT NULL COMMENT '交易编号',
  `open_id` varchar(255) DEFAULT NULL COMMENT '用户ID',
  `opr_open_id` varchar(255) DEFAULT NULL COMMENT '操作者用户ID',
  `create_time` timestamp NOT NULL DEFAULT CURRENT_TIMESTAMP ON UPDATE CURRENT_TIMESTAMP COMMENT '创建时间',
  `update_time` timestamp NOT NULL DEFAULT '0000-00-00 00:00:00' COMMENT '更新时间',
  `type` int(11) DEFAULT NULL COMMENT '付款码类型 1.付款 2. 收款',
  `amount` decimal(20,0) DEFAULT NULL COMMENT '金额',
  `amount_after` decimal(20,0) DEFAULT NULL COMMENT '交易后',
  `title` varchar(255) DEFAULT NULL COMMENT '标题',
  `remark` varchar(1000) DEFAULT NULL COMMENT '备注',
  PRIMARY KEY (`id`)
) ENGINE=InnoDB AUTO_INCREMENT=27 DEFAULT CHARSET=utf8;
/*!40101 SET character_set_client = @saved_cs_client */;

--
-- Dumping data for table `imprest_record`
--

LOCK TABLES `imprest_record` WRITE;
/*!40000 ALTER TABLE `imprest_record` DISABLE KEYS */;
INSERT INTO `imprest_record` VALUES (1,'shopapi','8fb6f83f15464031ac85fa049e649661','201691210219427475347','1160912372580001','8a4a1879c2ce401f98fb7da0b703aa1d','8a4a1879c2ce401f98fb7da0b703aa1d','2016-09-11 18:21:09','2016-09-11 18:21:09',1,1,0,'账户充值','账户充值'),(2,'shopapi','bbf67c9cb7f44c33b4eb8e4d627d7e68','201691210253317487695','1160912374980006','8c6ba245b64a4bd282d1ddb52156372b','8c6ba245b64a4bd282d1ddb52156372b','2016-09-11 18:25:03','2016-09-11 18:25:03',1,1,0,'账户充值','账户充值'),(3,'shopapi','890802214d004ad2ace035ec0f89a631','2016912164808602698','','8c6ba245b64a4bd282d1ddb52156372b','8c6ba245b64a4bd282d1ddb52156372b','2016-09-12 00:48:00','2016-09-12 00:48:00',1,33300,0,'系列套餐/私人定制','系列套餐/私人定制'),(5,'shopapi','f7f41bee99814e0985fd7bb583e38384','2016912171805797505','','8c6ba245b64a4bd282d1ddb52156372b','8c6ba245b64a4bd282d1ddb52156372b','2016-09-12 01:18:00','2016-09-12 01:18:00',1,33300,0,'系列套餐/私人定制','系列套餐/私人定制'),(6,'shopapi','0f5d0fc528074c10aa477c11eb0bc477','20169121742016785619','','d2a37b2a259d486b825fef7df40b8660','d2a37b2a259d486b825fef7df40b8660','2016-09-12 01:42:00','2016-09-12 01:42:00',1,15800,0,'预定厨师','预定厨师'),(8,'shopapi','36b2dedef8b84400a7be5ddf25bceebb','2016912175025265891537','1160912642130001','d2a37b2a259d486b825fef7df40b8660','d2a37b2a259d486b825fef7df40b8660','2016-09-12 01:50:25','2016-09-12 01:50:25',1,1,0,'账户充值','账户充值'),(9,'shopapi','a3c236c8bb5846b6b3f1b24be7ba3f3b','2016912184204616606','','8c6ba245b64a4bd282d1ddb52156372b','8c6ba245b64a4bd282d1ddb52156372b','2016-09-12 02:42:00','2016-09-12 02:42:00',1,33300,0,'系列套餐/私人定制','系列套餐/私人定制'),(10,'shopapi','3be174f277a24dd1ac75e5b5b1c1ebe4','2016912184807033427','','8c6ba245b64a4bd282d1ddb52156372b','8c6ba245b64a4bd282d1ddb52156372b','2016-09-12 02:48:00','2016-09-12 02:48:00',1,33300,0,'系列套餐/私人定制','系列套餐/私人定制'),(11,'shopapi','9fd9dc44e40c483db463ba3d9beae13b','2016912185404940573','','8c6ba245b64a4bd282d1ddb52156372b','8c6ba245b64a4bd282d1ddb52156372b','2016-09-12 02:54:00','2016-09-12 02:54:00',1,33300,0,'系列套餐/私人定制','系列套餐/私人定制'),(13,'shopapi','d91ea22e7f0e456b9086fbe0cb4185f8','2016913121744581501853','1160913416590003','8c6ba245b64a4bd282d1ddb52156372b','8c6ba245b64a4bd282d1ddb52156372b','2016-09-12 20:17:45','2016-09-12 20:17:45',1,1,0,'账户充值','账户充值'),(14,'shopapi','5e5b97a32c554d20b94dd47fee618339','20169131219547626431','1160913443330005','8a4a1879c2ce401f98fb7da0b703aa1d','8a4a1879c2ce401f98fb7da0b703aa1d','2016-09-12 20:19:05','2016-09-12 20:19:05',1,1,0,'账户充值','账户充值'),(15,'shopapi','f2730de2a0714ea2be9fbb374b553531','2016913121914515144452','1160913417250004','8c6ba245b64a4bd282d1ddb52156372b','8c6ba245b64a4bd282d1ddb52156372b','2016-09-12 20:19:15','2016-09-12 20:19:15',1,1,0,'账户充值','账户充值'),(16,'shopapi','f6b50ee4b3f44812acba25aaa3e5bf8d','2016913121951444424248','1160913411580001','8a4a1879c2ce401f98fb7da0b703aa1d','8a4a1879c2ce401f98fb7da0b703aa1d','2016-09-12 20:19:51','2016-09-12 20:19:51',1,1,0,'账户充值','账户充值'),(17,'shopapi','ed3ac003f0f343b28c2f7e3b83c2729f','2016913175138753408404','1160913642880007','d2a37b2a259d486b825fef7df40b8660','d2a37b2a259d486b825fef7df40b8660','2016-09-13 01:51:39','2016-09-13 01:51:39',1,1,0,'账户充值','账户充值'),(18,'shopapi','fbf96e9f56144e09abdfa6e3b4f81cd6','20169131830012450105','','d2a37b2a259d486b825fef7df40b8660','d2a37b2a259d486b825fef7df40b8660','2016-09-13 02:30:00','2016-09-13 02:30:00',1,666600,0,'系列套餐/私人定制','系列套餐/私人定制'),(19,'shopapi','ccb748a9c25446baa6cc626fdcece720','2016919102404070532','','2bd209e36084479cbbb7258f12fce02f','2bd209e36084479cbbb7258f12fce02f','2016-09-18 18:24:00','2016-09-18 18:24:00',1,6900,0,'购买商品','购买商品'),(20,'shopapi','e4fd3da8c7a3484f879e9d7efb46dd12','2016919114805284030','','2bd209e36084479cbbb7258f12fce02f','2bd209e36084479cbbb7258f12fce02f','2016-09-18 19:48:00','2016-09-18 19:48:00',1,15800,0,'预定厨师','预定厨师'),(21,'shopapi','8887a27898374dd68eb7a3b8eb044f29','20169191148033852963','','2bd209e36084479cbbb7258f12fce02f','2bd209e36084479cbbb7258f12fce02f','2016-09-18 19:48:00','2016-09-18 19:48:00',1,15800,0,'预定厨师','预定厨师'),(22,'shopapi','f6a76fcb79694e6a9e8934ab9de24a4e','201692110006739498','','d2a37b2a259d486b825fef7df40b8660','d2a37b2a259d486b825fef7df40b8660','2016-09-20 18:00:00','2016-09-20 18:00:00',1,6900,0,'购买商品','购买商品'),(23,'shopapi','613bcde166d8450a83ca3e015632543d','2016921106014238096','','d2a37b2a259d486b825fef7df40b8660','d2a37b2a259d486b825fef7df40b8660','2016-09-20 18:06:00','2016-09-20 18:06:00',1,13800,0,'购买商品','购买商品'),(24,'shopapi','a20c69b9230c42e49f47819edb822d8b','2016921165403614504','','d2a37b2a259d486b825fef7df40b8660','d2a37b2a259d486b825fef7df40b8660','2016-09-21 00:54:00','2016-09-21 00:54:00',1,15800,0,'预定厨师','预定厨师'),(25,'shopapi','5a76d8a2c5af4e30aa02fd5dfa809259','201692117006490021','','d2a37b2a259d486b825fef7df40b8660','d2a37b2a259d486b825fef7df40b8660','2016-09-21 01:00:00','2016-09-21 01:00:00',1,15800,0,'预定厨师','预定厨师'),(26,'shopapi','4cd297fddcb74957aed3b8c93a8299c8','2016921172403788489','','d2a37b2a259d486b825fef7df40b8660','d2a37b2a259d486b825fef7df40b8660','2016-09-21 01:24:00','2016-09-21 01:24:00',1,15800,0,'预定厨师','预定厨师');
/*!40000 ALTER TABLE `imprest_record` ENABLE KEYS */;
UNLOCK TABLES;

--
-- Table structure for table `trades`
--

DROP TABLE IF EXISTS `trades`;
/*!40101 SET @saved_cs_client     = @@character_set_client */;
/*!40101 SET character_set_client = utf8 */;
CREATE TABLE `trades` (
  `id` bigint(20) NOT NULL AUTO_INCREMENT,
  `trade_no` varchar(255) DEFAULT NULL COMMENT '交易号',
  `trade_type` int(11) DEFAULT NULL COMMENT '交易类型 1.充值 2.普通支出 3.预付款 4.收款',
  `out_trade_no` varchar(255) DEFAULT NULL COMMENT '第三方系统中的交易号',
  `out_trade_type` int(11) DEFAULT NULL COMMENT '第三方系统中的交易类型',
  `notify_url` varchar(1000) DEFAULT NULL COMMENT '交易通知地址',
  `notify_status` int(11) DEFAULT NULL COMMENT '通知状态(1.通知成功 0.等待通知 2.通知失败)',
  `app_id` varchar(255) DEFAULT NULL COMMENT '应用ID',
  `open_id` varchar(255) DEFAULT NULL COMMENT '用户openID',
  `create_time` timestamp NOT NULL DEFAULT CURRENT_TIMESTAMP ON UPDATE CURRENT_TIMESTAMP COMMENT '创建时间',
  `update_time` timestamp NOT NULL DEFAULT '0000-00-00 00:00:00' COMMENT '更新时间',
  `changed_amount` decimal(20,0) DEFAULT NULL COMMENT '变动金额(单位:分)',
  `actual_amount` decimal(20,0) DEFAULT NULL COMMENT '实际支付金额',
  `title` varchar(255) DEFAULT NULL COMMENT '交易标题',
  `remark` varchar(1000) DEFAULT NULL COMMENT '交易备注',
  `no_once` int(11) DEFAULT NULL COMMENT '是否需要一次性付清 0.不需要 1.需要',
  `status` int(11) DEFAULT NULL COMMENT '状态 1.交易成功 0.待交易 2.交易错误 3.交易欠付',
  PRIMARY KEY (`id`),
  UNIQUE KEY `trade_no` (`trade_no`)
) ENGINE=InnoDB AUTO_INCREMENT=100 DEFAULT CHARSET=utf8;
/*!40101 SET character_set_client = @saved_cs_client */;

--
-- Dumping data for table `trades`
--

LOCK TABLES `trades` WRITE;
/*!40000 ALTER TABLE `trades` DISABLE KEYS */;
INSERT INTO `trades` VALUES (1,'1160906640410000',1,'d5eb1f2662004992a7ed2e3851c2bf0c',1,'http://shopapi.qiyunxin.svc.cluster.local:8080/v1/pay/payapi/callback',0,'shopapi','2bd209e36084479cbbb7258f12fce02f','2016-09-06 01:47:22','2016-09-06 01:47:22',100000,0,'账户充值','账户充值',0,0),(2,'1160906691480002',1,'cfd880fd8fe24db79b8d2dae12f53038',1,'http://shopapi.qiyunxin.svc.cluster.local:8080/v1/pay/payapi/callback',0,'shopapi','d2a37b2a259d486b825fef7df40b8660','2016-09-06 03:12:28','2016-09-06 03:12:28',30000,0,'账户充值','账户充值',0,0),(3,'1160906691880003',1,'91627ea912bc4eb59199353eb944850f',1,'http://shopapi.qiyunxin.svc.cluster.local:8080/v1/pay/payapi/callback',0,'shopapi','d2a37b2a259d486b825fef7df40b8660','2016-09-06 03:13:09','2016-09-06 03:13:09',30000,0,'账户充值','账户充值',0,0),(4,'1160907348430004',1,'987a9079450343e28e307c9ebfeb73bb',1,'http://shopapi.qiyunxin.svc.cluster.local:8080/v1/pay/payapi/callback',0,'shopapi','d2a37b2a259d486b825fef7df40b8660','2016-09-06 17:40:43','2016-09-06 17:40:43',100000,0,'账户充值','账户充值',0,0),(5,'1160907348520005',1,'78c674e9d9014b88914fea270c461308',1,'http://shopapi.qiyunxin.svc.cluster.local:8080/v1/pay/payapi/callback',0,'shopapi','d2a37b2a259d486b825fef7df40b8660','2016-09-06 17:40:52','2016-09-06 17:40:52',100000,0,'账户充值','账户充值',0,0),(6,'1160907348630006',1,'9c66ee135d3045bb88fc30acba85ff44',1,'http://shopapi.qiyunxin.svc.cluster.local:8080/v1/pay/payapi/callback',0,'shopapi','d2a37b2a259d486b825fef7df40b8660','2016-09-06 17:41:03','2016-09-06 17:41:03',100000,0,'账户充值','账户充值',0,0),(7,'1160907399510007',1,'1bf8bad0439545a58bd6a1f98a143906',1,'http://shopapi.qiyunxin.svc.cluster.local:8080/v1/pay/payapi/callback',0,'shopapi','86bd9576a18d493ead9b5b6e945f4f04','2016-09-06 19:05:51','2016-09-06 19:05:51',30000,0,'账户充值','账户充值',0,0),(8,'1160907399670008',1,'70037a2434d14c578806019403d68e0d',1,'http://shopapi.qiyunxin.svc.cluster.local:8080/v1/pay/payapi/callback',0,'shopapi','86bd9576a18d493ead9b5b6e945f4f04','2016-09-06 19:06:07','2016-09-06 19:06:07',30000,0,'账户充值','账户充值',0,0),(9,'1160907399890009',1,'72e0277f66934ab4bf2d473ccb9c63b3',1,'http://shopapi.qiyunxin.svc.cluster.local:8080/v1/pay/payapi/callback',0,'shopapi','2bd209e36084479cbbb7258f12fce02f','2016-09-06 19:06:30','2016-09-06 19:06:30',100000,0,'账户充值','账户充值',0,0),(10,'1160907399990010',1,'4bf3d5d91c87468b8fc91e5b7ef092ef',1,'http://shopapi.qiyunxin.svc.cluster.local:8080/v1/pay/payapi/callback',0,'shopapi','2bd209e36084479cbbb7258f12fce02f','2016-09-06 19:06:40','2016-09-06 19:06:40',30000,0,'账户充值','账户充值',0,0),(11,'1160907448500017',1,'b939ac5b55d647bb98f73baaf65daf89',1,'http://shopapi.qiyunxin.svc.cluster.local:8080/v1/pay/payapi/callback',0,'shopapi','d2a37b2a259d486b825fef7df40b8660','2016-09-06 20:27:31','2016-09-06 20:27:31',30000,0,'账户充值','账户充值',0,0),(12,'1160907459940018',1,'3317e32768ae4737999863b2b198a4ba',1,'http://shopapi.qiyunxin.svc.cluster.local:8080/v1/pay/payapi/callback',0,'shopapi','2bd209e36084479cbbb7258f12fce02f','2016-09-06 20:46:35','2016-09-06 20:46:35',100000,0,'账户充值','账户充值',0,0),(13,'1160907460020019',1,'4605063a3d6c46129407cd23f2a329c3',1,'http://shopapi.qiyunxin.svc.cluster.local:8080/v1/pay/payapi/callback',0,'shopapi','2bd209e36084479cbbb7258f12fce02f','2016-09-06 20:46:42','2016-09-06 20:46:42',100000,0,'账户充值','账户充值',0,0),(14,'1160907460150020',1,'d10ce77af08f421c9db96a245393ed60',1,'http://shopapi.qiyunxin.svc.cluster.local:8080/v1/pay/payapi/callback',0,'shopapi','d2a37b2a259d486b825fef7df40b8660','2016-09-06 20:46:56','2016-09-06 20:46:56',100000,0,'账户充值','账户充值',0,0),(15,'1160907460250021',1,'b54f10e389f3479691b17fa566ee5881',1,'http://shopapi.qiyunxin.svc.cluster.local:8080/v1/pay/payapi/callback',0,'shopapi','d2a37b2a259d486b825fef7df40b8660','2016-09-06 20:47:05','2016-09-06 20:47:05',100000,0,'账户充值','账户充值',0,0),(16,'1160907483040022',1,'fee4ca4ce91d43d9a0db6a3f76ea96ce',1,'http://shopapi.qiyunxin.svc.cluster.local:8080/v1/pay/payapi/callback',0,'shopapi','8c6ba245b64a4bd282d1ddb52156372b','2016-09-06 21:25:04','2016-09-06 21:25:04',100000,0,'账户充值','账户充值',0,0),(17,'1160907483550023',1,'29811bdb6d66422c8975339ed4a48362',1,'http://shopapi.qiyunxin.svc.cluster.local:8080/v1/pay/payapi/callback',0,'shopapi','8c6ba245b64a4bd282d1ddb52156372b','2016-09-06 21:25:55','2016-09-06 21:25:55',30000,0,'账户充值','账户充值',0,0),(18,'1160907483970024',1,'8450fd036f774a12994119e931c4298a',1,'http://shopapi.qiyunxin.svc.cluster.local:8080/v1/pay/payapi/callback',0,'shopapi','8c6ba245b64a4bd282d1ddb52156372b','2016-09-06 21:26:38','2016-09-06 21:26:38',100000,0,'账户充值','账户充值',0,0),(19,'1160907486770028',1,'f6431797fd2c4d83a7cd8143df18d514',1,'http://shopapi.qiyunxin.svc.cluster.local:8080/v1/pay/payapi/callback',0,'shopapi','05b52d0c5dbe4a7abbc73b374bae3630','2016-09-06 21:31:17','2016-09-06 21:31:17',30000,0,'账户充值','账户充值',0,0),(20,'1160907486850029',1,'d8f6bb6926b44acba21614290eab6eb5',1,'http://shopapi.qiyunxin.svc.cluster.local:8080/v1/pay/payapi/callback',0,'shopapi','05b52d0c5dbe4a7abbc73b374bae3630','2016-09-06 21:31:26','2016-09-06 21:31:26',30000,0,'账户充值','账户充值',0,0),(21,'1160907496290030',1,'048e8f138ad6431d815839701ff16aa7',1,'http://shopapi.qiyunxin.svc.cluster.local:8080/v1/pay/payapi/callback',0,'shopapi','86bd9576a18d493ead9b5b6e945f4f04','2016-09-06 21:47:09','2016-09-06 21:47:09',30000,0,'账户充值','账户充值',0,0),(22,'1160907496380031',1,'03166006414747eaa3f7fa0f61b00568',1,'http://shopapi.qiyunxin.svc.cluster.local:8080/v1/pay/payapi/callback',0,'shopapi','86bd9576a18d493ead9b5b6e945f4f04','2016-09-06 21:47:18','2016-09-06 21:47:18',30000,0,'账户充值','账户充值',0,0),(23,'1160908338690032',1,'e26d68fce8a34bd29c3094f12a7d42eb',1,'http://shopapi.qiyunxin.svc.cluster.local:8080/v1/pay/payapi/callback',0,'shopapi','d2a37b2a259d486b825fef7df40b8660','2016-09-07 17:24:30','2016-09-07 17:24:30',30000,0,'账户充值','账户充值',0,0),(24,'1160908338920033',1,'cc664c3ef6164100b2cab6033727647a',1,'http://shopapi.qiyunxin.svc.cluster.local:8080/v1/pay/payapi/callback',0,'shopapi','2bd209e36084479cbbb7258f12fce02f','2016-09-07 17:24:53','2016-09-07 17:24:53',100000,0,'账户充值','账户充值',0,0),(25,'1160908338990034',1,'8f1443e046ee4cac9ad94bedbf6c4d53',1,'http://shopapi.qiyunxin.svc.cluster.local:8080/v1/pay/payapi/callback',0,'shopapi','2bd209e36084479cbbb7258f12fce02f','2016-09-07 17:25:00','2016-09-07 17:25:00',100000,0,'账户充值','账户充值',0,0),(26,'1160908339060035',1,'05f6734195ad4ac4b49f394d6bba107b',1,'http://shopapi.qiyunxin.svc.cluster.local:8080/v1/pay/payapi/callback',0,'shopapi','2bd209e36084479cbbb7258f12fce02f','2016-09-07 17:25:07','2016-09-07 17:25:07',100000,0,'账户充值','账户充值',0,0),(27,'1160908339140036',1,'8aa1b5020d744126b135c3e7b026548b',1,'http://shopapi.qiyunxin.svc.cluster.local:8080/v1/pay/payapi/callback',0,'shopapi','2bd209e36084479cbbb7258f12fce02f','2016-09-07 17:25:14','2016-09-07 17:25:14',30000,0,'账户充值','账户充值',0,0),(28,'1160908339650044',1,'a7a738a94c3a42618f2f520079b66d76',1,'http://shopapi.qiyunxin.svc.cluster.local:8080/v1/pay/payapi/callback',0,'shopapi','d2a37b2a259d486b825fef7df40b8660','2016-09-07 17:26:05','2016-09-07 17:26:05',30000,0,'账户充值','账户充值',0,0),(29,'1160908340100045',1,'72244660828a440db108880a5dad75e8',1,'http://shopapi.qiyunxin.svc.cluster.local:8080/v1/pay/payapi/callback',0,'shopapi','d2a37b2a259d486b825fef7df40b8660','2016-09-07 17:26:51','2016-09-07 17:26:51',30000,0,'账户充值','账户充值',0,0),(30,'1160908340270046',1,'2d5196509cda47638a7fb1ffa5823739',1,'http://shopapi.qiyunxin.svc.cluster.local:8080/v1/pay/payapi/callback',0,'shopapi','d2a37b2a259d486b825fef7df40b8660','2016-09-07 17:27:08','2016-09-07 17:27:08',50000,0,'账户充值','账户充值',0,0),(31,'1160908340450047',1,'893da1d97d074ca9ba12030d850f64dc',1,'http://shopapi.qiyunxin.svc.cluster.local:8080/v1/pay/payapi/callback',0,'shopapi','d2a37b2a259d486b825fef7df40b8660','2016-09-07 17:27:25','2016-09-07 17:27:25',30000,0,'账户充值','账户充值',0,0),(32,'1160908340540048',1,'afba3d924087473f990a2221af7d3f30',1,'http://shopapi.qiyunxin.svc.cluster.local:8080/v1/pay/payapi/callback',0,'shopapi','d2a37b2a259d486b825fef7df40b8660','2016-09-07 17:27:34','2016-09-07 17:27:34',30000,0,'账户充值','账户充值',0,0),(33,'1160908340710049',1,'8816fe832fb446a284f0a442e5e9baa1',1,'http://shopapi.qiyunxin.svc.cluster.local:8080/v1/pay/payapi/callback',0,'shopapi','d2a37b2a259d486b825fef7df40b8660','2016-09-07 17:27:52','2016-09-07 17:27:52',30000,0,'账户充值','账户充值',0,0),(34,'1160908367750000',1,'84200d2036f445f381e0e2458f2c8946',1,'http://shopapi.qiyunxin.svc.cluster.local:8080/v1/pay/payapi/callback',0,'shopapi','2bd209e36084479cbbb7258f12fce02f','2016-09-07 18:12:56','2016-09-07 18:12:56',100000,0,'账户充值','账户充值',0,0),(35,'1160908367870001',1,'4ad9f3b7f5c3455d8e3794ba716e1ba0',1,'http://shopapi.qiyunxin.svc.cluster.local:8080/v1/pay/payapi/callback',0,'shopapi','2bd209e36084479cbbb7258f12fce02f','2016-09-07 18:13:08','2016-09-07 18:13:08',100000,0,'账户充值','账户充值',0,0),(36,'1160908367990002',1,'dcc8a635172140398c8215b973025d82',1,'http://shopapi.qiyunxin.svc.cluster.local:8080/v1/pay/payapi/callback',0,'shopapi','2bd209e36084479cbbb7258f12fce02f','2016-09-07 18:13:20','2016-09-07 18:13:20',30000,0,'账户充值','账户充值',0,0),(37,'1160908368110003',1,'fb0b5166f11542089aaaa20846c1a581',1,'http://shopapi.qiyunxin.svc.cluster.local:8080/v1/pay/payapi/callback',0,'shopapi','2bd209e36084479cbbb7258f12fce02f','2016-09-07 18:13:32','2016-09-07 18:13:32',30000,0,'账户充值','账户充值',0,0),(38,'1160909526480004',1,'86084c52a8454347b9b22eacd4e82ce3',1,'http://shopapi.qiyunxin.svc.cluster.local:8080/v1/pay/payapi/callback',0,'shopapi','75e8f083ce674590bc8380ec0679e742','2016-09-08 22:37:29','2016-09-08 22:37:29',100000,0,'账户充值','账户充值',0,0),(39,'1160909526510005',1,'26e6b931a0174fc7abeacee8e9fc42a5',1,'http://shopapi.qiyunxin.svc.cluster.local:8080/v1/pay/payapi/callback',0,'shopapi','75e8f083ce674590bc8380ec0679e742','2016-09-08 22:37:32','2016-09-08 22:37:32',100000,0,'账户充值','账户充值',0,0),(40,'1160909526690006',1,'e2c092194b734d4baf71fd9439b2625f',1,'http://shopapi.qiyunxin.svc.cluster.local:8080/v1/pay/payapi/callback',0,'shopapi','75e8f083ce674590bc8380ec0679e742','2016-09-08 22:37:50','2016-09-08 22:37:50',100000,0,'账户充值','账户充值',0,0),(41,'1160909526770007',1,'e13432e9956d42b598198ee0e9839ea5',1,'http://shopapi.qiyunxin.svc.cluster.local:8080/v1/pay/payapi/callback',0,'shopapi','2bd209e36084479cbbb7258f12fce02f','2016-09-08 22:37:59','2016-09-08 22:37:59',100000,0,'账户充值','账户充值',0,0),(42,'1160909526870008',1,'bc5fb258eec14cf5805d1dd4e6cec0e1',1,'http://shopapi.qiyunxin.svc.cluster.local:8080/v1/pay/payapi/callback',0,'shopapi','2bd209e36084479cbbb7258f12fce02f','2016-09-08 22:38:08','2016-09-08 22:38:08',100000,0,'账户充值','账户充值',0,0),(43,'1160909527090009',1,'bd1cd530fd2b459ba4b13c2c43947c62',1,'http://shopapi.qiyunxin.svc.cluster.local:8080/v1/pay/payapi/callback',0,'shopapi','75e8f083ce674590bc8380ec0679e742','2016-09-08 22:38:30','2016-09-08 22:38:30',30000,0,'账户充值','账户充值',0,0),(44,'1160912331790010',1,'b7564367d7c849ffa625ed0e11c6dc62',1,'http://shopapi.qiyunxin.svc.cluster.local:8080/v1/pay/payapi/callback',0,'shopapi','2bd209e36084479cbbb7258f12fce02f','2016-09-11 17:13:00','2016-09-11 17:13:00',30000,0,'账户充值','账户充值',0,0),(45,'1160912337690011',1,'4e129a2299ba4d6c980460550b36d000',1,'http://shopapi.qiyunxin.svc.cluster.local:8080/v1/pay/payapi/callback',0,'shopapi','d2a37b2a259d486b825fef7df40b8660','2016-09-11 17:22:50','2016-09-11 17:22:50',1000000,0,'账户充值','账户充值',0,0),(46,'1160912338230013',1,'1db0d3d717d340119aa6983312f48d87',1,'http://shopapi.qiyunxin.svc.cluster.local:8080/v1/pay/payapi/callback',0,'shopapi','d2a37b2a259d486b825fef7df40b8660','2016-09-11 17:23:44','2016-09-11 17:23:44',100,0,'账户充值','账户充值',0,0),(47,'1160912338970014',1,'0ce3674edb0c4f32b97752a96cb86505',1,'http://shopapi.qiyunxin.svc.cluster.local:8080/v1/pay/payapi/callback',0,'shopapi','d2a37b2a259d486b825fef7df40b8660','2016-09-11 17:24:58','2016-09-11 17:24:58',30000,0,'账户充值','账户充值',0,0),(48,'1160912339040015',1,'41d95308f2d54497bfadfa4aa0049673',1,'http://shopapi.qiyunxin.svc.cluster.local:8080/v1/pay/payapi/callback',0,'shopapi','d2a37b2a259d486b825fef7df40b8660','2016-09-11 17:25:04','2016-09-11 17:25:04',50000,0,'账户充值','账户充值',0,0),(49,'1160912339430016',1,'c1464324f25d4477a2fe9e27f9e47edc',1,'http://shopapi.qiyunxin.svc.cluster.local:8080/v1/pay/payapi/callback',0,'shopapi','d2a37b2a259d486b825fef7df40b8660','2016-09-11 17:25:44','2016-09-11 17:25:44',100000,0,'账户充值','账户充值',0,0),(50,'1160912339490017',1,'f61d89ae73e04dc2abca9892bc5067b1',1,'http://shopapi.qiyunxin.svc.cluster.local:8080/v1/pay/payapi/callback',0,'shopapi','d2a37b2a259d486b825fef7df40b8660','2016-09-11 17:25:50','2016-09-11 17:25:50',30000,0,'账户充值','账户充值',0,0),(51,'1160912339740018',1,'96786475a7b64220a759a124cd28790d',1,'http://shopapi.qiyunxin.svc.cluster.local:8080/v1/pay/payapi/callback',0,'shopapi','d2a37b2a259d486b825fef7df40b8660','2016-09-11 17:26:15','2016-09-11 17:26:15',200,0,'账户充值','账户充值',0,0),(52,'1160912340530019',1,'1c322474534046988b200cf070c593fc',1,'http://shopapi.qiyunxin.svc.cluster.local:8080/v1/pay/payapi/callback',0,'shopapi','d2a37b2a259d486b825fef7df40b8660','2016-09-11 17:27:34','2016-09-11 17:27:34',1,0,'账户充值','账户充值',0,0),(53,'1160912341570020',1,'a35b6f06deb04c95933f000e712bcebc',1,'http://shopapi.qiyunxin.svc.cluster.local:8080/v1/pay/payapi/callback',0,'shopapi','d2a37b2a259d486b825fef7df40b8660','2016-09-11 17:29:18','2016-09-11 17:29:18',30000,0,'账户充值','账户充值',0,0),(54,'1160912362400021',1,'b958167d9ced46cb9fa7d522ccbed89b',1,'http://shopapi.qiyunxin.svc.cluster.local:8080/v1/pay/payapi/callback',0,'shopapi','8a4a1879c2ce401f98fb7da0b703aa1d','2016-09-11 18:04:01','2016-09-11 18:04:01',30000,0,'账户充值','账户充值',0,0),(55,'1160912365780023',1,'3da4e62333cf400aaca514d35a744e62',1,'http://shopapi.qiyunxin.svc.cluster.local:8080/v1/pay/payapi/callback',0,'shopapi','8c6ba245b64a4bd282d1ddb52156372b','2016-09-11 18:09:38','2016-09-11 18:09:38',1,0,'账户充值','账户充值',0,0),(56,'1160912366060024',1,'f38dcb6c9ce9425fbe4981f5a0551feb',1,'http://shopapi.qiyunxin.svc.cluster.local:8080/v1/pay/payapi/callback',0,'shopapi','8c6ba245b64a4bd282d1ddb52156372b','2016-09-11 18:10:07','2016-09-11 18:10:07',1,0,'账户充值','账户充值',0,0),(57,'1160912366150025',1,'106aca3e6b9a45f9b1a90c6eee10d490',1,'http://shopapi.qiyunxin.svc.cluster.local:8080/v1/pay/payapi/callback',0,'shopapi','8c6ba245b64a4bd282d1ddb52156372b','2016-09-11 18:10:16','2016-09-11 18:10:16',1,0,'账户充值','账户充值',0,0),(58,'1160912366460026',1,'3374a272de664865aff867f7f8e7521f',1,'http://shopapi.qiyunxin.svc.cluster.local:8080/v1/pay/payapi/callback',0,'shopapi','8c6ba245b64a4bd282d1ddb52156372b','2016-09-11 18:10:48','2016-09-11 18:10:48',1,0,'账户充值','账户充值',0,0),(59,'1160912368020027',1,'12289b0bd19a4a0bbbda4b8f1070278d',1,'http://shopapi.qiyunxin.svc.cluster.local:8080/v1/pay/payapi/callback',0,'shopapi','8a4a1879c2ce401f98fb7da0b703aa1d','2016-09-11 18:13:23','2016-09-11 18:13:23',1,0,'账户充值','账户充值',0,0),(60,'1160912371910000',1,'7f4cf04abe814371a486da96a3c5023f',1,'http://shopapi.qiyunxin.svc.cluster.local:8080/v1/pay/payapi/callback',0,'shopapi','8a4a1879c2ce401f98fb7da0b703aa1d','2016-09-11 18:19:52','2016-09-11 18:19:52',1,0,'账户充值','账户充值',0,0),(61,'1160912372580001',1,'36e9f578fcc4480db7017fe307321aaa',1,'http://shopapi.qiyunxin.svc.cluster.local:8080/v1/pay/payapi/callback',1,'shopapi','8a4a1879c2ce401f98fb7da0b703aa1d','2016-09-12 02:21:09','2016-09-11 18:21:09',1,1,'账户充值','账户充值',0,1),(62,'1160912373110002',1,'7edf23f035a04820ae4ad4a9db1b1f60',1,'http://shopapi.qiyunxin.svc.cluster.local:8080/v1/pay/payapi/callback',0,'shopapi','8a4a1879c2ce401f98fb7da0b703aa1d','2016-09-11 18:21:52','2016-09-11 18:21:52',1,0,'账户充值','账户充值',0,0),(63,'1160912373620003',1,'f92de2cc00644a8f9e65378c60327e82',1,'http://shopapi.qiyunxin.svc.cluster.local:8080/v1/pay/payapi/callback',0,'shopapi','8a4a1879c2ce401f98fb7da0b703aa1d','2016-09-11 18:22:42','2016-09-11 18:22:42',1,0,'账户充值','账户充值',0,0),(64,'1160912373720004',1,'e57f2cfa829a4627a75d2b79621196e0',1,'http://shopapi.qiyunxin.svc.cluster.local:8080/v1/pay/payapi/callback',0,'shopapi','8a4a1879c2ce401f98fb7da0b703aa1d','2016-09-11 18:22:52','2016-09-11 18:22:52',1,0,'账户充值','账户充值',0,0),(65,'1160912374760005',1,'560576c9f8014592b3765cc8818aa6df',1,'http://shopapi.qiyunxin.svc.cluster.local:8080/v1/pay/payapi/callback',0,'shopapi','8c6ba245b64a4bd282d1ddb52156372b','2016-09-11 18:24:36','2016-09-11 18:24:36',1,0,'账户充值','账户充值',0,0),(66,'1160912374980006',1,'361b4a0216c940d5ac0bbc90ea266af2',1,'http://shopapi.qiyunxin.svc.cluster.local:8080/v1/pay/payapi/callback',1,'shopapi','8c6ba245b64a4bd282d1ddb52156372b','2016-09-12 02:25:03','2016-09-11 18:25:03',1,1,'账户充值','账户充值',0,1),(67,'1160912375880007',1,'f8265a2ad8ef43fd87c5ccb32fdbbd52',1,'http://shopapi.qiyunxin.svc.cluster.local:8080/v1/pay/payapi/callback',0,'shopapi','8c6ba245b64a4bd282d1ddb52156372b','2016-09-11 18:26:29','2016-09-11 18:26:29',1,0,'账户充值','账户充值',0,0),(68,'1160912376240008',1,'96ec97a40cbd4662978e0cf5b1e8ce5f',1,'http://shopapi.qiyunxin.svc.cluster.local:8080/v1/pay/payapi/callback',0,'shopapi','8c6ba245b64a4bd282d1ddb52156372b','2016-09-11 18:27:05','2016-09-11 18:27:05',1,0,'账户充值','账户充值',0,0),(69,'1160912376430009',1,'c198980f476749caae3d94259522390c',1,'http://shopapi.qiyunxin.svc.cluster.local:8080/v1/pay/payapi/callback',0,'shopapi','8c6ba245b64a4bd282d1ddb52156372b','2016-09-11 18:27:24','2016-09-11 18:27:24',1,0,'账户充值','账户充值',0,0),(70,'1160912376540010',1,'95672f4c4daf410c8d2cf23b58beba55',1,'http://shopapi.qiyunxin.svc.cluster.local:8080/v1/pay/payapi/callback',0,'shopapi','8c6ba245b64a4bd282d1ddb52156372b','2016-09-11 18:27:35','2016-09-11 18:27:35',1,0,'账户充值','账户充值',0,0),(71,'1160912640710000',1,'4bfb0bd8d3ea458aa7edd05dbefd7e71',1,'http://shopapi.qiyunxin.svc.cluster.local:8080/v1/pay/payapi/callback',0,'shopapi','d2a37b2a259d486b825fef7df40b8660','2016-09-12 01:47:51','2016-09-12 01:47:51',1,0,'账户充值','账户充值',0,0),(72,'1160912642130001',1,'eb7651d8c71d4976af78de4c70791d19',1,'http://shopapi.qiyunxin.svc.cluster.local:8080/v1/pay/payapi/callback',1,'shopapi','d2a37b2a259d486b825fef7df40b8660','2016-09-12 09:50:25','2016-09-12 01:50:25',1,1,'账户充值','账户充值',0,1),(73,'1160913357170002',1,'5e368dbc6ee7441f99576fc65e1c1bfa',1,'http://shopapi.qiyunxin.svc.cluster.local:8080/v1/pay/payapi/callback',0,'shopapi','8c6ba245b64a4bd282d1ddb52156372b','2016-09-12 17:55:18','2016-09-12 17:55:18',1,0,'账户充值','账户充值',0,0),(74,'1160913358050003',1,'48a7e9c984104bb8a1ce2875bd5c40b3',1,'http://shopapi.qiyunxin.svc.cluster.local:8080/v1/pay/payapi/callback',0,'shopapi','8c6ba245b64a4bd282d1ddb52156372b','2016-09-12 17:56:47','2016-09-12 17:56:47',1,0,'账户充值','账户充值',0,0),(75,'1160913370040004',1,'430614d85c2e42ba98e3c0536a98b9b6',1,'http://shopapi.qiyunxin.svc.cluster.local:8080/v1/pay/payapi/callback',0,'shopapi','8a4a1879c2ce401f98fb7da0b703aa1d','2016-09-12 18:16:45','2016-09-12 18:16:45',1,0,'账户充值','账户充值',0,0),(76,'1160913376950000',1,'ec5d29a4998347deae6b9874cc6be24b',1,'http://shopapi.qiyunxin.svc.cluster.local:8080/v1/pay/payapi/callback',0,'shopapi','8a4a1879c2ce401f98fb7da0b703aa1d','2016-09-12 18:28:15','2016-09-12 18:28:15',1,0,'账户充值','账户充值',0,0),(77,'1160913378060000',1,'f1ec2baa9c514f90864daca5666764b6',1,'http://shopapi.qiyunxin.svc.cluster.local:8080/v1/pay/payapi/callback',0,'shopapi','8a4a1879c2ce401f98fb7da0b703aa1d','2016-09-12 18:30:07','2016-09-12 18:30:07',1,0,'账户充值','账户充值',0,0),(78,'1160913378560000',1,'da6c2331b50c44b19fa6b45abc9058a7',1,'http://shopapi.qiyunxin.svc.cluster.local:8080/v1/pay/payapi/callback',0,'shopapi','8a4a1879c2ce401f98fb7da0b703aa1d','2016-09-12 18:30:56','2016-09-12 18:30:56',1,0,'账户充值','账户充值',0,0),(79,'1160913379460001',1,'49f77567db7e4a709b953fcd1c172665',1,'http://shopapi.qiyunxin.svc.cluster.local:8080/v1/pay/payapi/callback',0,'shopapi','8a4a1879c2ce401f98fb7da0b703aa1d','2016-09-12 18:32:26','2016-09-12 18:32:26',1,0,'账户充值','账户充值',0,0),(80,'1160913386370000',1,'2d20102f429a46bc8b0fbaee97862770',1,'http://shopapi.qiyunxin.svc.cluster.local:8080/v1/pay/payapi/callback',0,'shopapi','8a4a1879c2ce401f98fb7da0b703aa1d','2016-09-12 18:43:58','2016-09-12 18:43:58',1,0,'账户充值','账户充值',0,0),(81,'1160913411580001',1,'7037180f4ba84e50a7d0171b1c5e113d',1,'http://shopapi.qiyunxin.svc.cluster.local:8080/v1/pay/payapi/callback',1,'shopapi','8a4a1879c2ce401f98fb7da0b703aa1d','2016-09-13 04:19:51','2016-09-12 20:19:51',1,1,'账户充值','账户充值',0,1),(82,'1160913415500002',1,'aaff837bc661445b8ce1b228ea70bc8b',1,'http://shopapi.qiyunxin.svc.cluster.local:8080/v1/pay/payapi/callback',0,'shopapi','8c6ba245b64a4bd282d1ddb52156372b','2016-09-12 19:32:30','2016-09-12 19:32:30',1,0,'账户充值','账户充值',0,0),(83,'1160913416590003',1,'5f666318e32a477aa98d6ed9f22dea56',1,'http://shopapi.qiyunxin.svc.cluster.local:8080/v1/pay/payapi/callback',1,'shopapi','8c6ba245b64a4bd282d1ddb52156372b','2016-09-13 04:17:44','2016-09-12 20:17:45',1,1,'账户充值','账户充值',0,1),(84,'1160913417250004',1,'f729e94eeae14a5998378307b1bfe3ec',1,'http://shopapi.qiyunxin.svc.cluster.local:8080/v1/pay/payapi/callback',1,'shopapi','8c6ba245b64a4bd282d1ddb52156372b','2016-09-13 04:19:14','2016-09-12 20:19:14',1,1,'账户充值','账户充值',0,1),(85,'1160913443330005',1,'583a497d66344e7ba2c35b65b7ea2dc0',1,'http://shopapi.qiyunxin.svc.cluster.local:8080/v1/pay/payapi/callback',1,'shopapi','8a4a1879c2ce401f98fb7da0b703aa1d','2016-09-13 04:19:05','2016-09-12 20:19:05',1,1,'账户充值','账户充值',0,1),(86,'1160913513170006',1,'7b250c80904a4d64b63dd61199481058',1,'http://shopapi.qiyunxin.svc.cluster.local:8080/v1/pay/payapi/callback',0,'shopapi','86bd9576a18d493ead9b5b6e945f4f04','2016-09-12 22:15:18','2016-09-12 22:15:18',1,0,'账户充值','账户充值',0,0),(87,'1160913642880007',1,'4fdd9a83dbf94b49a3a06316fa0fd38c',1,'http://shopapi.qiyunxin.svc.cluster.local:8080/v1/pay/payapi/callback',1,'shopapi','d2a37b2a259d486b825fef7df40b8660','2016-09-13 09:51:38','2016-09-13 01:51:39',1,1,'账户充值','账户充值',0,1),(88,'1160918486280000',1,'19eeacd88ab64145b45156b5dc2f3d84',1,'http://shopapi.qiyunxin.svc.cluster.local:8080/v1/pay/payapi/callback',0,'shopapi','8a4a1879c2ce401f98fb7da0b703aa1d','2016-09-17 21:30:29','2016-09-17 21:30:29',1,0,'账户充值','账户充值',0,0),(89,'1160918486600001',1,'eb48f7888f004ba28c83c15205d9f004',1,'http://shopapi.qiyunxin.svc.cluster.local:8080/v1/pay/payapi/callback',0,'shopapi','8a4a1879c2ce401f98fb7da0b703aa1d','2016-09-17 21:31:01','2016-09-17 21:31:01',1,0,'账户充值','账户充值',0,0),(90,'1160919355120003',1,'13820c324627404fa1eb687807ad1725',1,'http://shopapi.qiyunxin.svc.cluster.local:8080/v1/pay/payapi/callback',0,'shopapi','2bd209e36084479cbbb7258f12fce02f','2016-09-18 17:51:52','2016-09-18 17:51:52',1,0,'账户充值','账户充值',0,0),(91,'1160919355190004',1,'5fb5add4de4046cab2e7cfde0f8fdd2c',1,'http://shopapi.qiyunxin.svc.cluster.local:8080/v1/pay/payapi/callback',0,'shopapi','2bd209e36084479cbbb7258f12fce02f','2016-09-18 17:52:00','2016-09-18 17:52:00',1,0,'账户充值','账户充值',0,0),(92,'1160919355320005',1,'6733b3ac6a714c089379b02bb5302b69',1,'http://shopapi.qiyunxin.svc.cluster.local:8080/v1/pay/payapi/callback',0,'shopapi','2bd209e36084479cbbb7258f12fce02f','2016-09-18 17:52:13','2016-09-18 17:52:13',1,0,'账户充值','账户充值',0,0),(93,'1160919523830006',1,'280b0df6c4474435ad0d509cdda28a60',1,'http://shopapi.qiyunxin.svc.cluster.local:8080/v1/pay/payapi/callback',0,'shopapi','2bd209e36084479cbbb7258f12fce02f','2016-09-18 22:33:04','2016-09-18 22:33:04',1,0,'账户充值','账户充值',0,0),(94,'1160919523920007',1,'d144fccd8ad5476c9bcc41d2315f91f3',1,'http://shopapi.qiyunxin.svc.cluster.local:8080/v1/pay/payapi/callback',0,'shopapi','2bd209e36084479cbbb7258f12fce02f','2016-09-18 22:33:12','2016-09-18 22:33:12',1,0,'账户充值','账户充值',0,0),(95,'1160919579730008',1,'c81089846de843b89cba4b696d923cb2',1,'http://shopapi.qiyunxin.svc.cluster.local:8080/v1/pay/payapi/callback',0,'shopapi','2bd209e36084479cbbb7258f12fce02f','2016-09-19 00:06:13','2016-09-19 00:06:13',1,0,'账户充值','账户充值',0,0),(96,'1160923312670009',1,'0feb8790be0648b6abc0ab32e9a2da21',1,'http://shopapi.qiyunxin.svc.cluster.local:8080/v1/pay/payapi/callback',0,'shopapi','d2a37b2a259d486b825fef7df40b8660','2016-09-22 16:41:08','2016-09-22 16:41:08',1,0,'账户充值','账户充值',0,0),(97,'1160923428770010',1,'cada6740978d4ab9b6f06851516afdaf',1,'http://shopapi.qiyunxin.svc.cluster.local:8080/v1/pay/payapi/callback',0,'shopapi','2bd209e36084479cbbb7258f12fce02f','2016-09-22 19:54:38','2016-09-22 19:54:38',1,0,'账户充值','账户充值',0,0),(98,'1160923428930011',1,'b8c48cce0a9b49efbf3604fd9581365b',1,'http://shopapi.qiyunxin.svc.cluster.local:8080/v1/pay/payapi/callback',0,'shopapi','2bd209e36084479cbbb7258f12fce02f','2016-09-22 19:54:54','2016-09-22 19:54:54',1,0,'账户充值','账户充值',0,0),(99,'1160923429000012',1,'29891f56ae864f43b502ddea1d9216d1',1,'http://shopapi.qiyunxin.svc.cluster.local:8080/v1/pay/payapi/callback',0,'shopapi','2bd209e36084479cbbb7258f12fce02f','2016-09-22 19:55:00','2016-09-22 19:55:00',1,0,'账户充值','账户充值',0,0);
/*!40000 ALTER TABLE `trades` ENABLE KEYS */;
UNLOCK TABLES;

--
-- Table structure for table `trades_pay`
--

DROP TABLE IF EXISTS `trades_pay`;
/*!40101 SET @saved_cs_client     = @@character_set_client */;
/*!40101 SET character_set_client = utf8 */;
CREATE TABLE `trades_pay` (
  `id` bigint(20) NOT NULL AUTO_INCREMENT,
  `open_id` varchar(255) DEFAULT NULL COMMENT '付款人的ID',
  `trade_no` varchar(255) DEFAULT NULL COMMENT '交易号',
  `create_time` timestamp NOT NULL DEFAULT CURRENT_TIMESTAMP ON UPDATE CURRENT_TIMESTAMP COMMENT '创建时间',
  `update_time` timestamp NOT NULL DEFAULT '0000-00-00 00:00:00' COMMENT '更新时间',
  `pay_type` int(11) DEFAULT NULL COMMENT '支付类型 0.支付宝 1.微信 2.账户余额',
  `pay_amount` decimal(20,0) DEFAULT NULL COMMENT '实际付款金额',
  PRIMARY KEY (`id`)
) ENGINE=InnoDB AUTO_INCREMENT=9 DEFAULT CHARSET=utf8;
/*!40101 SET character_set_client = @saved_cs_client */;

--
-- Dumping data for table `trades_pay`
--

LOCK TABLES `trades_pay` WRITE;
/*!40000 ALTER TABLE `trades_pay` DISABLE KEYS */;
INSERT INTO `trades_pay` VALUES (1,'8a4a1879c2ce401f98fb7da0b703aa1d','1160912372580001','2016-09-11 18:21:09','2016-09-11 18:21:09',2,1),(2,'8c6ba245b64a4bd282d1ddb52156372b','1160912374980006','2016-09-11 18:25:03','2016-09-11 18:25:03',2,1),(3,'d2a37b2a259d486b825fef7df40b8660','1160912642130001','2016-09-12 01:50:25','2016-09-12 01:50:25',2,1),(4,'8c6ba245b64a4bd282d1ddb52156372b','1160913416590003','2016-09-12 20:17:45','2016-09-12 20:17:45',1,1),(5,'8a4a1879c2ce401f98fb7da0b703aa1d','1160913443330005','2016-09-12 20:19:05','2016-09-12 20:19:05',1,1),(6,'8c6ba245b64a4bd282d1ddb52156372b','1160913417250004','2016-09-12 20:19:14','2016-09-12 20:19:14',1,1),(7,'8a4a1879c2ce401f98fb7da0b703aa1d','1160913411580001','2016-09-12 20:19:51','2016-09-12 20:19:51',1,1),(8,'d2a37b2a259d486b825fef7df40b8660','1160913642880007','2016-09-13 01:51:39','2016-09-13 01:51:39',1,1);
/*!40000 ALTER TABLE `trades_pay` ENABLE KEYS */;
UNLOCK TABLES;
/*!40103 SET TIME_ZONE=@OLD_TIME_ZONE */;

/*!40101 SET SQL_MODE=@OLD_SQL_MODE */;
/*!40014 SET FOREIGN_KEY_CHECKS=@OLD_FOREIGN_KEY_CHECKS */;
/*!40014 SET UNIQUE_CHECKS=@OLD_UNIQUE_CHECKS */;
/*!40101 SET CHARACTER_SET_CLIENT=@OLD_CHARACTER_SET_CLIENT */;
/*!40101 SET CHARACTER_SET_RESULTS=@OLD_CHARACTER_SET_RESULTS */;
/*!40101 SET COLLATION_CONNECTION=@OLD_COLLATION_CONNECTION */;
/*!40111 SET SQL_NOTES=@OLD_SQL_NOTES */;

-- Dump completed on 2016-09-26  9:55:43
